study_id,treatment,response,omitted_arm,omitted_replicate,original_log_response_ratio,omitted_log_response_ratio,original_percent_change,omitted_percent_change,sign_changed,n_treatment_remaining,n_control_remaining,unreplicated_remainder
kozlowski_2025_scientific_reports,food_waste_hydrochar_240c,potential_ml_g_vs,treatment,1,0.08084955055548897,0.07967781446220756,8.42077658394993,8.293810446694415,False,2,3,False
kozlowski_2025_scientific_reports,food_waste_hydrochar_240c,potential_ml_g_vs,treatment,2,0.08084955055548897,0.08283362773209556,8.42077658394993,8.636105316013577,False,2,3,False
kozlowski_2025_scientific_reports,food_waste_hydrochar_240c,potential_ml_g_vs,treatment,3,0.08084955055548897,0.08003422138345286,8.42077658394993,8.332413989141862,False,2,3,False
kozlowski_2025_scientific_reports,food_waste_hydrochar_240c,potential_ml_g_vs,control,1,0.08084955055548897,0.059587719728962596,8.42077658394993,6.13988625165971,False,3,2,False
kozlowski_2025_scientific_reports,food_waste_hydrochar_240c,potential_ml_g_vs,control,2,0.08084955055548897,0.08896204225670452,8.42077658394993,9.303916623881614,False,3,2,False
kozlowski_2025_scientific_reports,food_waste_hydrochar_240c,potential_ml_g_vs,control,3,0.08084955055548897,0.09435007370380631,8.42077658394993,9.89443901192615,False,3,2,False
kozlowski_2025_scientific_reports,food_waste_hydrochar_240c,max_rate_ml_g_vs_day,treatment,1,-0.024303908997924752,-0.016849941185625553,-2.4010947173192854,-1.6708774919819036,False,2,3,False
kozlowski_2025_scientific_reports,food_waste_hydrochar_240c,max_rate_ml_g_vs_day,treatment,2,-0.024303908997924752,-0.02195411611299368,-2.4010947173192854,-2.171487845460429,False,2,3,False
kozlowski_2025_scientific_reports,food_waste_hydrochar_240c,max_rate_ml_g_vs_day,treatment,3,-0.024303908997924752,-0.03418695944731745,-2.4010947173192854,-3.3609188145155455,False,2,3,False
kozlowski_2025_scientific_reports,food_waste_hydrochar_240c,max_rate_ml_g_vs_day,control,1,-0.024303908997924752,-0.0036912914994537143,-2.4010947173192854,-0.3684487057953878,False,3,2,False
kozlowski_2025_scientific_reports,food_waste_hydrochar_240c,max_rate_ml_g_vs_day,control,2,-0.024303908997924752,-0.03607061363854213,-2.4010947173192854,-3.5427820872954596,False,3,2,False
kozlowski_2025_scientific_reports,food_waste_hydrochar_240c,max_rate_ml_g_vs_day,control,3,-0.024303908997924752,-0.03283285889850894,-2.4010947173192854,-3.2299711434980116,False,3,2,False
kozlowski_2025_scientific_reports,food_waste_pyrolysis_600c,potential_ml_g_vs,treatment,1,0.043577891098437356,0.04546720354582515,4.454135161672079,4.651668201471715,False,1,3,True
kozlowski_2025_scientific_reports,food_waste_pyrolysis_600c,potential_ml_g_vs,treatment,2,0.043577891098437356,0.04168500239178877,4.454135161672079,4.256602121872444,False,1,3,True
kozlowski_2025_scientific_reports,food_waste_pyrolysis_600c,potential_ml_g_vs,control,1,0.043577891098437356,0.02231606027191126,4.454135161672079,2.256692618235623,False,2,2,False
kozlowski_2025_scientific_reports,food_waste_pyrolysis_600c,potential_ml_g_vs,control,2,0.043577891098437356,0.051690382799652934,4.454135161672079,5.304964974962356,False,2,2,False
kozlowski_2025_scientific_reports,food_waste_pyrolysis_600c,potential_ml_g_vs,control,3,0.043577891098437356,0.05707841424675467,4.454135161672079,5.873882734825808,False,2,2,False
kozlowski_2025_scientific_reports,food_waste_pyrolysis_600c,max_rate_ml_g_vs_day,treatment,1,-0.07700413568473648,-0.07154685907969709,-7.411397557412169,-6.904734701179526,False,1,3,True
kozlowski_2025_scientific_reports,food_waste_pyrolysis_600c,max_rate_ml_g_vs_day,treatment,2,-0.07700413568473648,-0.08249135765257425,-7.411397557412169,-7.918060413644801,False,1,3,True
kozlowski_2025_scientific_reports,food_waste_pyrolysis_600c,max_rate_ml_g_vs_day,control,1,-0.07700413568473648,-0.05639151818626534,-7.411397557412169,-5.483098741739944,False,2,2,False
kozlowski_2025_scientific_reports,food_waste_pyrolysis_600c,max_rate_ml_g_vs_day,control,2,-0.07700413568473648,-0.08877084032535384,-7.411397557412169,-8.494475668854939,False,2,2,False
kozlowski_2025_scientific_reports,food_waste_pyrolysis_600c,max_rate_ml_g_vs_day,control,3,-0.07700413568473648,-0.08553308558532055,-7.411397557412169,-8.197723076896379,False,2,2,False
kozlowski_2025_scientific_reports,food_waste_torrefaction_240c,potential_ml_g_vs,treatment,1,0.11200298552088038,0.11656097271046417,11.851619999353048,12.362601890253089,False,1,3,True
kozlowski_2025_scientific_reports,food_waste_torrefaction_240c,potential_ml_g_vs,treatment,3,0.11200298552088038,0.10742412792071417,11.851619999353048,11.340638108452982,False,1,3,True
kozlowski_2025_scientific_reports,food_waste_torrefaction_240c,potential_ml_g_vs,control,1,0.11200298552088038,0.09074115469435413,11.851619999353048,9.498553670686949,False,2,2,False
kozlowski_2025_scientific_reports,food_waste_torrefaction_240c,potential_ml_g_vs,control,2,0.11200298552088038,0.12011547722209588,11.851619999353048,12.762705930158624,False,2,2,False
kozlowski_2025_scientific_reports,food_waste_torrefaction_240c,potential_ml_g_vs,control,3,0.11200298552088038,0.1255035086691977,11.851619999353048,13.371914679899735,False,2,2,False
kozlowski_2025_scientific_reports,food_waste_torrefaction_240c,max_rate_ml_g_vs_day,treatment,1,-0.01599551100227977,-0.016057082064552933,-1.5868262189503102,-1.5928854360635514,False,1,3,True
kozlowski_2025_scientific_reports,food_waste_torrefaction_240c,max_rate_ml_g_vs_day,treatment,3,-0.01599551100227977,-0.01593394373076858,-1.5868262189503102,-1.5807670018370357,False,1,3,True
kozlowski_2025_scientific_reports,food_waste_torrefaction_240c,max_rate_ml_g_vs_day,control,1,-0.01599551100227977,0.004617106496191412,-1.5868262189503102,0.4627781755669913,True,2,2,False
kozlowski_2025_scientific_reports,food_waste_torrefaction_240c,max_rate_ml_g_vs_day,control,2,-0.01599551100227977,-0.027762215642897183,-1.5868262189503102,-2.7380386963819947,False,2,2,False
kozlowski_2025_scientific_reports,food_waste_torrefaction_240c,max_rate_ml_g_vs_day,control,3,-0.01599551100227977,-0.02452446090286386,-1.5868262189503102,-2.4226179682151128,False,2,2,False
