study_id,response,treatment_a,treatment_b,shared_control,is_diagonal,covariance,correlation,uncertainty_available,method
kozlowski_2025_scientific_reports,max_rate_ml_g_vs_day,food_waste_hydrochar_240c,food_waste_hydrochar_240c,True,True,0.0005252771725520102,1.0,True,delta_method_conditional_on_fitted_reactor_parameters
kozlowski_2025_scientific_reports,max_rate_ml_g_vs_day,food_waste_hydrochar_240c,food_waste_pyrolysis_600c,True,False,0.0004197924923796056,0.8636959791430945,True,delta_method_conditional_on_fitted_reactor_parameters
kozlowski_2025_scientific_reports,max_rate_ml_g_vs_day,food_waste_hydrochar_240c,food_waste_torrefaction_240c,True,False,0.0004197924923796056,0.8939662208488575,True,delta_method_conditional_on_fitted_reactor_parameters
kozlowski_2025_scientific_reports,max_rate_ml_g_vs_day,food_waste_pyrolysis_600c,food_waste_pyrolysis_600c,True,True,0.00044973740682020824,1.0,True,delta_method_conditional_on_fitted_reactor_parameters
kozlowski_2025_scientific_reports,max_rate_ml_g_vs_day,food_waste_pyrolysis_600c,food_waste_torrefaction_240c,True,False,0.0004197924923796056,0.9661306655909857,True,delta_method_conditional_on_fitted_reactor_parameters
kozlowski_2025_scientific_reports,max_rate_ml_g_vs_day,food_waste_torrefaction_240c,food_waste_torrefaction_240c,True,True,0.0004197962831419078,1.0,True,delta_method_conditional_on_fitted_reactor_parameters
kozlowski_2025_scientific_reports,potential_ml_g_vs,food_waste_hydrochar_240c,food_waste_hydrochar_240c,True,True,0.0004752542145373927,1.0,True,delta_method_conditional_on_fitted_reactor_parameters
kozlowski_2025_scientific_reports,potential_ml_g_vs,food_waste_hydrochar_240c,food_waste_pyrolysis_600c,True,False,0.0004712675748917914,0.9920399745616985,True,delta_method_conditional_on_fitted_reactor_parameters
kozlowski_2025_scientific_reports,potential_ml_g_vs,food_waste_hydrochar_240c,food_waste_torrefaction_240c,True,False,0.0004712675748917914,0.9744537329631345,True,delta_method_conditional_on_fitted_reactor_parameters
kozlowski_2025_scientific_reports,potential_ml_g_vs,food_waste_pyrolysis_600c,food_waste_pyrolysis_600c,True,True,0.0004748438277577768,1.0,True,delta_method_conditional_on_fitted_reactor_parameters
kozlowski_2025_scientific_reports,potential_ml_g_vs,food_waste_pyrolysis_600c,food_waste_torrefaction_240c,True,False,0.0004712675748917914,0.9748747309193495,True,delta_method_conditional_on_fitted_reactor_parameters
kozlowski_2025_scientific_reports,potential_ml_g_vs,food_waste_torrefaction_240c,food_waste_torrefaction_240c,True,True,0.0004921377676885085,1.0,True,delta_method_conditional_on_fitted_reactor_parameters
valentin_bialowiec_2024_scientific_reports,max_rate_ml_g_vs_day,dose_2_g_l,dose_2_g_l,True,True,,,False,delta_method_conditional_on_fitted_reactor_parameters
valentin_bialowiec_2024_scientific_reports,max_rate_ml_g_vs_day,dose_2_g_l,dose_4_g_l,True,False,,,False,delta_method_conditional_on_fitted_reactor_parameters
valentin_bialowiec_2024_scientific_reports,max_rate_ml_g_vs_day,dose_2_g_l,dose_6_g_l,True,False,,,False,delta_method_conditional_on_fitted_reactor_parameters
valentin_bialowiec_2024_scientific_reports,max_rate_ml_g_vs_day,dose_2_g_l,dose_8_g_l,True,False,,,False,delta_method_conditional_on_fitted_reactor_parameters
valentin_bialowiec_2024_scientific_reports,max_rate_ml_g_vs_day,dose_4_g_l,dose_4_g_l,True,True,,,False,delta_method_conditional_on_fitted_reactor_parameters
valentin_bialowiec_2024_scientific_reports,max_rate_ml_g_vs_day,dose_4_g_l,dose_6_g_l,True,False,,,False,delta_method_conditional_on_fitted_reactor_parameters
valentin_bialowiec_2024_scientific_reports,max_rate_ml_g_vs_day,dose_4_g_l,dose_8_g_l,True,False,,,False,delta_method_conditional_on_fitted_reactor_parameters
valentin_bialowiec_2024_scientific_reports,max_rate_ml_g_vs_day,dose_6_g_l,dose_6_g_l,True,True,,,False,delta_method_conditional_on_fitted_reactor_parameters
valentin_bialowiec_2024_scientific_reports,max_rate_ml_g_vs_day,dose_6_g_l,dose_8_g_l,True,False,,,False,delta_method_conditional_on_fitted_reactor_parameters
valentin_bialowiec_2024_scientific_reports,max_rate_ml_g_vs_day,dose_8_g_l,dose_8_g_l,True,True,,,False,delta_method_conditional_on_fitted_reactor_parameters
valentin_bialowiec_2024_scientific_reports,potential_ml_g_vs,dose_2_g_l,dose_2_g_l,True,True,,,False,delta_method_conditional_on_fitted_reactor_parameters
valentin_bialowiec_2024_scientific_reports,potential_ml_g_vs,dose_2_g_l,dose_4_g_l,True,False,,,False,delta_method_conditional_on_fitted_reactor_parameters
valentin_bialowiec_2024_scientific_reports,potential_ml_g_vs,dose_2_g_l,dose_6_g_l,True,False,,,False,delta_method_conditional_on_fitted_reactor_parameters
valentin_bialowiec_2024_scientific_reports,potential_ml_g_vs,dose_2_g_l,dose_8_g_l,True,False,,,False,delta_method_conditional_on_fitted_reactor_parameters
valentin_bialowiec_2024_scientific_reports,potential_ml_g_vs,dose_4_g_l,dose_4_g_l,True,True,,,False,delta_method_conditional_on_fitted_reactor_parameters
valentin_bialowiec_2024_scientific_reports,potential_ml_g_vs,dose_4_g_l,dose_6_g_l,True,False,,,False,delta_method_conditional_on_fitted_reactor_parameters
valentin_bialowiec_2024_scientific_reports,potential_ml_g_vs,dose_4_g_l,dose_8_g_l,True,False,,,False,delta_method_conditional_on_fitted_reactor_parameters
valentin_bialowiec_2024_scientific_reports,potential_ml_g_vs,dose_6_g_l,dose_6_g_l,True,True,,,False,delta_method_conditional_on_fitted_reactor_parameters
valentin_bialowiec_2024_scientific_reports,potential_ml_g_vs,dose_6_g_l,dose_8_g_l,True,False,,,False,delta_method_conditional_on_fitted_reactor_parameters
valentin_bialowiec_2024_scientific_reports,potential_ml_g_vs,dose_8_g_l,dose_8_g_l,True,True,,,False,delta_method_conditional_on_fitted_reactor_parameters
