iteration,model,treatment_balanced_mean_rmse,resampled_blank_ids
1,modified_gompertz,15.642728869780111,K1;K3;K1
1,persistence,19.4105693598411,K1;K3;K1
1,recent_rate,16.729844289287737,K1;K3;K1
1,zero_anchored_gompertz,16.41885292824404,K1;K3;K1
6,modified_gompertz,17.286280977884818,K1;K2;K3
6,persistence,21.54467663481278,K1;K2;K3
6,recent_rate,14.71919273424432,K1;K2;K3
6,zero_anchored_gompertz,17.883755255409852,K1;K2;K3
7,modified_gompertz,17.66221154871133,K3;K1;K3
7,persistence,21.88965848409921,K3;K1;K3
7,recent_rate,14.75343335397383,K3;K1;K3
7,zero_anchored_gompertz,18.51868837396925,K3;K1;K3
14,modified_gompertz,14.944845706345069,K1;K3;K3
14,persistence,19.365856535205857,K1;K3;K3
14,recent_rate,13.611944117028264,K1;K3;K3
14,zero_anchored_gompertz,15.765238085930893,K1;K3;K3
23,modified_gompertz,15.254490431429357,K3;K1;K1
23,persistence,19.141130764022588,K3;K1;K1
23,recent_rate,15.118635135058046,K3;K1;K1
23,zero_anchored_gompertz,16.018630490549167,K3;K1;K1
35,modified_gompertz,13.389683419628572,K3;K1;K1
35,persistence,18.526278610410152,K3;K1;K1
35,recent_rate,12.493269048246816,K3;K1;K1
35,zero_anchored_gompertz,14.454464180763424,K3;K1;K1
36,modified_gompertz,13.595984534318617,K1;K3;K2
36,persistence,18.875223317524796,K1;K3;K2
36,recent_rate,11.385744031554603,K1;K3;K2
36,zero_anchored_gompertz,14.355488217539788,K1;K3;K2
40,modified_gompertz,13.595984533006831,K3;K2;K1
40,persistence,18.875223317524796,K3;K2;K1
40,recent_rate,11.385744031554603,K3;K2;K1
40,zero_anchored_gompertz,14.355488219816513,K3;K2;K1
44,modified_gompertz,13.834227048875805,K2;K2;K1
44,persistence,19.033147683044703,K2;K2;K1
44,recent_rate,11.521128883353557,K2;K2;K1
44,zero_anchored_gompertz,14.865878233961013,K2;K2;K1
46,modified_gompertz,17.295039313379934,K3;K1;K3
46,persistence,21.492834409945257,K3;K1;K3
46,recent_rate,15.260875951133626,K3;K1;K3
46,zero_anchored_gompertz,18.15537120721449,K3;K1;K3
47,modified_gompertz,13.513282144173493,K1;K2;K3
47,persistence,18.785792213888538,K1;K2;K3
47,recent_rate,11.37584141641331,K1;K2;K3
47,zero_anchored_gompertz,14.279339293119957,K1;K2;K3
49,modified_gompertz,14.834384095260083,K2;K2;K1
49,persistence,18.72335027364642,K2;K2;K1
49,recent_rate,15.457724640456494,K2;K2;K1
49,zero_anchored_gompertz,15.472260491734772,K2;K2;K1
56,modified_gompertz,13.74867178221666,K2;K1;K2
56,persistence,18.943460886478384,K2;K1;K2
56,recent_rate,11.51143558645356,K2;K1;K2
56,zero_anchored_gompertz,14.784076421283725,K2;K1;K2
61,modified_gompertz,13.66177884809197,K1;K3;K1
61,persistence,18.844169792770774,K1;K3;K1
61,recent_rate,12.069939147462179,K1;K3;K1
61,zero_anchored_gompertz,14.791201831245516,K1;K3;K1
63,modified_gompertz,17.231587426843348,K3;K1;K3
63,persistence,21.465128056906607,K3;K1;K3
63,recent_rate,15.363276890630008,K3;K1;K3
63,zero_anchored_gompertz,18.041638281235596,K3;K1;K3
65,modified_gompertz,13.670188413311237,K2;K2;K2
65,persistence,19.026093898395246,K2;K2;K2
65,recent_rate,9.7608127647656,K2;K2;K2
65,zero_anchored_gompertz,13.849341371733647,K2;K2;K2
70,modified_gompertz,16.54632115219446,K1;K1;K2
70,persistence,20.835661688405605,K1;K1;K2
70,recent_rate,13.954489238402326,K1;K1;K2
70,zero_anchored_gompertz,17.289273474618756,K1;K1;K2
73,modified_gompertz,15.65237376503228,K2;K1;K3
73,persistence,19.456432836842097,K2;K1;K3
73,recent_rate,16.061471622489663,K2;K1;K3
73,zero_anchored_gompertz,16.212134345480415,K2;K1;K3
84,modified_gompertz,15.943226375761295,K2;K3;K2
84,persistence,19.812825590139003,K2;K3;K2
84,recent_rate,14.666835768079357,K2;K3;K2
84,zero_anchored_gompertz,16.157280867557493,K2;K3;K2
87,modified_gompertz,12.924718308605058,K3;K2;K1
87,persistence,18.202486435096112,K3;K2;K1
87,recent_rate,12.275892863653759,K3;K2;K1
87,zero_anchored_gompertz,13.59227769850738,K3;K2;K1
88,modified_gompertz,16.073352994657036,K1;K1;K3
88,persistence,19.835099787033705,K1;K1;K3
88,recent_rate,16.120000752631558,K1;K1;K3
88,zero_anchored_gompertz,16.895903017835252,K1;K1;K3
90,modified_gompertz,14.716596096053419,K3;K2;K2
90,persistence,19.204789626322167,K3;K2;K2
90,recent_rate,12.268824211284773,K3;K2;K2
90,zero_anchored_gompertz,14.823971685835865,K3;K2;K2
98,modified_gompertz,15.737397373273765,K1;K2;K1
98,persistence,20.13896188286324,K1;K2;K1
98,recent_rate,12.177185279213264,K1;K2;K1
98,zero_anchored_gompertz,16.616208637527,K1;K2;K1
99,modified_gompertz,13.67262517078535,K2;K1;K2
99,persistence,18.87349683327096,K2;K1;K2
99,recent_rate,11.807319069030362,K2;K1;K2
99,zero_anchored_gompertz,14.653563541273073,K2;K1;K2
107,modified_gompertz,13.219439951796927,K2;K2;K3
107,persistence,18.618448990889014,K2;K2;K3
107,recent_rate,10.75747293328156,K2;K2;K3
107,zero_anchored_gompertz,13.341579428059479,K2;K2;K3
110,modified_gompertz,13.146442184864169,K3;K1;K2
110,persistence,18.39037314509163,K3;K1;K2
110,recent_rate,11.894698698450908,K3;K1;K2
110,zero_anchored_gompertz,13.915753518469495,K3;K1;K2
120,modified_gompertz,16.349042602116025,K1;K3;K1
120,persistence,20.644863895923564,K1;K3;K1
120,recent_rate,14.412375284014779,K1;K3;K1
120,zero_anchored_gompertz,17.129899839201492,K1;K3;K1
126,modified_gompertz,15.106500484385501,K3;K1;K2
126,persistence,19.577745654476963,K3;K1;K2
126,recent_rate,12.676722141153695,K3;K1;K2
126,zero_anchored_gompertz,15.70831893066809,K3;K1;K2
127,modified_gompertz,13.157346238710526,K1;K2;K2
127,persistence,18.359905887114454,K1;K2;K2
127,recent_rate,12.410798054340136,K1;K2;K2
127,zero_anchored_gompertz,14.095795600837826,K1;K2;K2
129,modified_gompertz,15.14607182849692,K2;K1;K1
129,persistence,19.55540688349931,K2;K1;K1
129,recent_rate,13.07654774709984,K2;K1;K1
129,zero_anchored_gompertz,15.927927813922304,K2;K1;K1
132,modified_gompertz,15.330538232396604,K1;K1;K1
132,persistence,19.623771889546624,K1;K1;K1
132,recent_rate,14.530054080114425,K1;K1;K1
132,zero_anchored_gompertz,16.914294082872154,K1;K1;K1
134,modified_gompertz,16.135153239964197,K3;K1;K2
134,persistence,20.406950670396746,K3;K1;K2
134,recent_rate,14.181227128590987,K3;K1;K2
134,zero_anchored_gompertz,16.640281741368867,K3;K1;K2
146,modified_gompertz,15.347855096771907,K2;K3;K2
146,persistence,19.917323635049346,K2;K3;K2
146,recent_rate,11.321587711399655,K2;K3;K2
146,zero_anchored_gompertz,15.50402268188402,K2;K3;K2
147,modified_gompertz,13.389683419628572,K1;K3;K3
147,persistence,18.526278610410152,K1;K3;K3
147,recent_rate,12.493269048246816,K1;K3;K3
147,zero_anchored_gompertz,14.454464180763424,K1;K3;K3
148,modified_gompertz,14.66212177281761,K1;K1;K3
148,persistence,18.556971349916473,K1;K1;K3
148,recent_rate,16.015660481756733,K1;K1;K3
148,zero_anchored_gompertz,15.328797644866809,K1;K1;K3
149,modified_gompertz,13.318948136267291,K1;K2;K1
149,persistence,18.519556736888195,K1;K2;K1
149,recent_rate,12.124607868663329,K1;K2;K1
149,zero_anchored_gompertz,14.308110295257158,K1;K2;K1
155,modified_gompertz,13.834227048875805,K2;K1;K1
155,persistence,19.033147683044703,K2;K1;K1
155,recent_rate,11.521128883353557,K2;K1;K1
155,zero_anchored_gompertz,14.865878233961013,K2;K1;K1
164,modified_gompertz,16.183631955963833,K3;K1;K2
164,persistence,20.53763954510117,K3;K1;K2
164,recent_rate,14.14346776675999,K3;K1;K2
164,zero_anchored_gompertz,16.64725772043755,K3;K1;K2
165,modified_gompertz,14.995985972717579,K2;K1;K1
165,persistence,18.883001123420165,K2;K1;K1
165,recent_rate,15.171534454779689,K2;K1;K1
165,zero_anchored_gompertz,15.684575185863519,K2;K1;K1
168,modified_gompertz,15.737397374265619,K2;K1;K2
168,persistence,20.13896188286324,K2;K1;K2
168,recent_rate,12.177185279213264,K2;K1;K2
168,zero_anchored_gompertz,16.616208632384943,K2;K1;K2
170,modified_gompertz,15.17004213055864,K1;K3;K3
170,persistence,19.553191875158017,K1;K3;K3
170,recent_rate,13.222361367489373,K1;K3;K3
170,zero_anchored_gompertz,16.0917537568459,K1;K3;K3
177,modified_gompertz,14.615222767634563,K1;K1;K3
177,persistence,18.42641550750801,K1;K1;K3
177,recent_rate,16.04940763300248,K1;K1;K3
177,zero_anchored_gompertz,15.318575673312314,K1;K1;K3
179,modified_gompertz,14.944845700039322,K3;K1;K1
179,persistence,19.365856535205857,K3;K1;K1
179,recent_rate,13.611944117028264,K3;K1;K1
179,zero_anchored_gompertz,15.765238073723108,K3;K1;K1
180,modified_gompertz,14.944845707521395,K3;K1;K1
180,persistence,19.365856535205857,K3;K1;K1
180,recent_rate,13.611944117028264,K3;K1;K1
180,zero_anchored_gompertz,15.76523807602115,K3;K1;K1
181,modified_gompertz,14.823259316569807,K3;K2;K3
181,persistence,18.83675020440832,K3;K2;K3
181,recent_rate,14.114381597312715,K3;K2;K3
181,zero_anchored_gompertz,14.914826318171297,K3;K2;K3
189,modified_gompertz,16.138470226372277,K3;K3;K1
189,persistence,20.51879482647123,K3;K3;K1
189,recent_rate,14.711170695998753,K3;K3;K1
189,zero_anchored_gompertz,16.883207212097886,K3;K3;K1
194,modified_gompertz,15.106500488793788,K2;K3;K1
194,persistence,19.577745654476963,K2;K3;K1
194,recent_rate,12.676722141153695,K2;K3;K1
194,zero_anchored_gompertz,15.708318928676508,K2;K3;K1
195,modified_gompertz,17.016078385626074,K2;K3;K1
195,persistence,21.226101050112835,K2;K3;K1
195,recent_rate,15.138146261278168,K2;K3;K1
195,zero_anchored_gompertz,17.55330345637905,K2;K3;K1
198,modified_gompertz,14.836518732767718,K2;K3;K1
198,persistence,18.764563838333476,K2;K3;K1
198,recent_rate,15.056981389496055,K2;K3;K1
198,zero_anchored_gompertz,15.331956248247893,K2;K3;K1
201,modified_gompertz,12.924718308605058,K2;K1;K3
201,persistence,18.202486435096112,K2;K1;K3
201,recent_rate,12.275892863653759,K2;K1;K3
201,zero_anchored_gompertz,13.59227769850738,K2;K1;K3
230,modified_gompertz,15.313018339440863,K3;K2;K2
230,persistence,19.265430651159736,K3;K2;K2
230,recent_rate,15.586237217160228,K3;K2;K2
230,zero_anchored_gompertz,15.428743391374024,K3;K2;K2
232,modified_gompertz,16.465027505046503,K3;K1;K3
232,persistence,20.786742080825242,K3;K1;K3
232,recent_rate,14.25628422035613,K3;K1;K3
232,zero_anchored_gompertz,17.244369239762367,K3;K1;K3
234,modified_gompertz,14.944845700282428,K3;K3;K1
234,persistence,19.365856535205857,K3;K3;K1
234,recent_rate,13.611944117028264,K3;K3;K1
234,zero_anchored_gompertz,15.765238071825955,K3;K3;K1
236,modified_gompertz,14.627881435907526,K1;K2;K3
236,persistence,18.474324713038236,K1;K2;K3
236,recent_rate,15.38108999109957,K1;K2;K3
236,zero_anchored_gompertz,15.113501959996395,K1;K2;K3
237,modified_gompertz,16.839277654807887,K3;K3;K3
237,persistence,21.2445741308061,K3;K3;K3
237,recent_rate,14.623122649335889,K3;K3;K3
237,zero_anchored_gompertz,16.94185934309568,K3;K3;K3
243,modified_gompertz,15.434085330862242,K1;K3;K3
243,persistence,19.12038453051913,K1;K3;K3
243,recent_rate,17.05077325057599,K1;K3;K3
243,zero_anchored_gompertz,16.195848200598398,K1;K3;K3
249,modified_gompertz,17.021015048090653,K3;K1;K1
249,persistence,21.339058987454276,K3;K1;K1
249,recent_rate,15.662072302613982,K3;K1;K1
249,zero_anchored_gompertz,17.794945657274432,K3;K1;K1
252,modified_gompertz,14.946341904853279,K3;K2;K1
252,persistence,19.418195403886152,K3;K2;K1
252,recent_rate,12.963071380926213,K3;K2;K1
252,zero_anchored_gompertz,15.49684061194432,K3;K2;K1
254,modified_gompertz,14.70530683255587,K3;K2;K3
254,persistence,18.69629115650781,K3;K2;K3
254,recent_rate,14.277860557757975,K3;K2;K3
254,zero_anchored_gompertz,14.794889939849522,K3;K2;K3
260,modified_gompertz,15.106590243088833,K1;K3;K1
260,persistence,19.525485522119368,K1;K3;K1
260,recent_rate,13.324762306985756,K1;K3;K1
260,zero_anchored_gompertz,15.978020838879594,K1;K3;K1
264,modified_gompertz,14.785154174011778,K1;K2;K1
264,persistence,18.59223874078482,K1;K2;K1
264,recent_rate,15.49495088742316,K1;K2;K1
264,zero_anchored_gompertz,15.460147788917608,K1;K2;K1
269,modified_gompertz,17.228551847069866,K2;K2;K2
269,persistence,21.622434118927945,K2;K2;K2
269,recent_rate,13.733744241035126,K2;K2;K2
269,zero_anchored_gompertz,17.256375280301246,K2;K2;K2
274,modified_gompertz,12.991512287254793,K3;K2;K2
274,persistence,18.40597392864975,K3;K2;K2
274,recent_rate,10.907536094798633,K3;K2;K2
274,zero_anchored_gompertz,13.13406709296761,K3;K2;K2
275,modified_gompertz,14.330695450243237,K3;K3;K3
275,persistence,18.2403375432688,K3;K3;K3
275,recent_rate,15.15452798726733,K3;K3;K3
275,zero_anchored_gompertz,14.448857530440126,K3;K3;K3
276,modified_gompertz,15.537214358894172,K1;K3;K3
276,persistence,19.95001594931197,K1;K3;K3
276,recent_rate,12.714918770329577,K1;K3;K3
276,zero_anchored_gompertz,16.455070917508316,K1;K3;K3
278,modified_gompertz,15.4225788787008,K2;K2;K1
278,persistence,19.856076227073345,K2;K2;K1
278,recent_rate,12.630846094811998,K2;K2;K1
278,zero_anchored_gompertz,16.254151037588404,K2;K2;K1
280,modified_gompertz,13.433841721741992,K3;K2;K2
280,persistence,18.80668618802794,K3;K2;K2
280,recent_rate,10.38649530688697,K3;K2;K2
280,zero_anchored_gompertz,13.659094205973247,K3;K2;K2
287,modified_gompertz,14.716596105893245,K2;K2;K3
287,persistence,19.204789626322167,K2;K2;K3
287,recent_rate,12.268824211284773,K2;K2;K3
287,zero_anchored_gompertz,14.823971686717615,K2;K2;K3
288,modified_gompertz,13.157346238710526,K2;K2;K1
288,persistence,18.359905887114454,K2;K2;K1
288,recent_rate,12.410798054340136,K2;K2;K1
288,zero_anchored_gompertz,14.095795600837826,K2;K2;K1
291,modified_gompertz,17.016078385626074,K2;K1;K3
291,persistence,21.226101050112835,K2;K1;K3
291,recent_rate,15.138146261278168,K2;K1;K3
291,zero_anchored_gompertz,17.55330345637905,K2;K1;K3
295,modified_gompertz,13.433853298154661,K1;K2;K2
295,persistence,18.660575230688487,K1;K2;K2
295,recent_rate,11.965096402052295,K1;K2;K2
295,zero_anchored_gompertz,14.422018821439575,K1;K2;K2
