lab,batch_id,bottle_id,cut_days,method,relative_error
BRL,14,II.10,6.5,first_order,-0.0447473
BRL,14,II.10,6.5,modified_gompertz,-0.203608
BRL,14,II.10,6.5,logistic,-0.237001
BRL,14,II.10,6.5,two_pool_first_order,-0.0447473
BRL,14,II.10,6.5,gompertz_plus_linear,0.883334
BRL,14,II.10,9.5,first_order,-0.0881288
BRL,14,II.10,9.5,modified_gompertz,-0.164552
BRL,14,II.10,9.5,logistic,-0.181486
BRL,14,II.10,9.5,two_pool_first_order,-0.0881288
BRL,14,II.10,9.5,gompertz_plus_linear,0.307321
BRL,14,II.10,12.5,first_order,-0.0950314
BRL,14,II.10,12.5,modified_gompertz,-0.142248
BRL,14,II.10,12.5,logistic,-0.153817
BRL,14,II.10,12.5,two_pool_first_order,-0.0950314
BRL,14,II.10,12.5,gompertz_plus_linear,0.128652
BRL,14,II.11,6.5,first_order,0.0488419
BRL,14,II.11,6.5,modified_gompertz,-0.186303
BRL,14,II.11,6.5,logistic,-0.228142
BRL,14,II.11,6.5,two_pool_first_order,0.0488419
BRL,14,II.11,6.5,gompertz_plus_linear,0.76003
BRL,14,II.11,9.5,first_order,-0.0580333
BRL,14,II.11,9.5,modified_gompertz,-0.154392
BRL,14,II.11,9.5,logistic,-0.176255
BRL,14,II.11,9.5,two_pool_first_order,-0.0580333
BRL,14,II.11,9.5,gompertz_plus_linear,0.215066
BRL,14,II.11,12.5,first_order,-0.0779058
BRL,14,II.11,12.5,modified_gompertz,-0.133719
BRL,14,II.11,12.5,logistic,-0.147522
BRL,14,II.11,12.5,two_pool_first_order,-0.0779058
BRL,14,II.11,12.5,gompertz_plus_linear,0.0999672
BRL,14,II.12,6.5,first_order,-0.0148386
BRL,14,II.12,6.5,modified_gompertz,-0.210535
BRL,14,II.12,6.5,logistic,-0.249956
BRL,14,II.12,6.5,two_pool_first_order,-0.0148386
BRL,14,II.12,6.5,gompertz_plus_linear,1.05842
BRL,14,II.12,9.5,first_order,-0.0601152
BRL,14,II.12,9.5,modified_gompertz,-0.15917
BRL,14,II.12,9.5,logistic,-0.179546
BRL,14,II.12,9.5,two_pool_first_order,-0.0601152
BRL,14,II.12,9.5,gompertz_plus_linear,0.410434
BRL,14,II.12,12.5,first_order,-0.0760595
BRL,14,II.12,12.5,modified_gompertz,-0.13532
BRL,14,II.12,12.5,logistic,-0.148856
BRL,14,II.12,12.5,two_pool_first_order,-0.0760595
BRL,14,II.12,12.5,gompertz_plus_linear,0.158522
BRL,14,II.13,6.5,first_order,-0.0426451
BRL,14,II.13,6.5,modified_gompertz,-0.227876
BRL,14,II.13,6.5,logistic,-0.266821
BRL,14,II.13,6.5,two_pool_first_order,-0.0426452
BRL,14,II.13,6.5,gompertz_plus_linear,0.890886
BRL,14,II.13,9.5,first_order,-0.0776869
BRL,14,II.13,9.5,modified_gompertz,-0.175086
BRL,14,II.13,9.5,logistic,-0.195578
BRL,14,II.13,9.5,two_pool_first_order,-0.0776869
BRL,14,II.13,9.5,gompertz_plus_linear,0.405552
BRL,14,II.13,12.5,first_order,-0.0850614
BRL,14,II.13,12.5,modified_gompertz,-0.14615
BRL,14,II.13,12.5,logistic,-0.160244
BRL,14,II.13,12.5,two_pool_first_order,-0.0850614
BRL,14,II.13,12.5,gompertz_plus_linear,0.195055
BRL,14,II.14,6.5,first_order,-0.095296
BRL,14,II.14,6.5,modified_gompertz,-0.260685
BRL,14,II.14,6.5,logistic,-0.294209
BRL,14,II.14,6.5,two_pool_first_order,-0.095296
BRL,14,II.14,6.5,gompertz_plus_linear,0.92142
BRL,14,II.14,9.5,first_order,-0.0902533
BRL,14,II.14,9.5,modified_gompertz,-0.190244
BRL,14,II.14,9.5,logistic,-0.210406
BRL,14,II.14,9.5,two_pool_first_order,-0.0902532
BRL,14,II.14,9.5,gompertz_plus_linear,0.523515
BRL,14,II.14,12.5,first_order,-0.0866259
BRL,14,II.14,12.5,modified_gompertz,-0.152735
BRL,14,II.14,12.5,logistic,-0.16707
BRL,14,II.14,12.5,two_pool_first_order,-0.0561837
BRL,14,II.14,12.5,gompertz_plus_linear,0.27414
BRL,14,II.15,6.5,first_order,-0.0257922
BRL,14,II.15,6.5,modified_gompertz,-0.232063
BRL,14,II.15,6.5,logistic,-0.270442
BRL,14,II.15,6.5,two_pool_first_order,-0.0257922
BRL,14,II.15,6.5,gompertz_plus_linear,0.785244
BRL,14,II.15,9.5,first_order,-0.0604748
BRL,14,II.15,9.5,modified_gompertz,-0.167194
BRL,14,II.15,9.5,logistic,-0.189536
BRL,14,II.15,9.5,two_pool_first_order,-0.0604748
BRL,14,II.15,9.5,gompertz_plus_linear,0.451542
BRL,14,II.15,12.5,first_order,-0.072375
BRL,14,II.15,12.5,modified_gompertz,-0.138081
BRL,14,II.15,12.5,logistic,-0.153203
BRL,14,II.15,12.5,two_pool_first_order,-0.072375
BRL,14,II.15,12.5,gompertz_plus_linear,0.213006
BRL,14,II.4,6.5,first_order,-0.257521
BRL,14,II.4,6.5,modified_gompertz,-0.280871
BRL,14,II.4,6.5,logistic,-0.285677
BRL,14,II.4,6.5,two_pool_first_order,-0.188416
BRL,14,II.4,6.5,gompertz_plus_linear,0.820768
BRL,14,II.4,9.5,first_order,-0.225854
BRL,14,II.4,9.5,modified_gompertz,-0.243155
BRL,14,II.4,9.5,logistic,-0.246819
BRL,14,II.4,9.5,two_pool_first_order,-0.184821
BRL,14,II.4,9.5,gompertz_plus_linear,0.356083
BRL,14,II.4,12.5,first_order,-0.212571
BRL,14,II.4,12.5,modified_gompertz,-0.225668
BRL,14,II.4,12.5,logistic,-0.228503
BRL,14,II.4,12.5,two_pool_first_order,-0.186832
BRL,14,II.4,12.5,gompertz_plus_linear,0.109173
BRL,14,II.5,6.5,first_order,-0.406943
BRL,14,II.5,6.5,modified_gompertz,-0.620818
BRL,14,II.5,6.5,logistic,-0.669137
BRL,14,II.5,6.5,two_pool_first_order,0.0950987
BRL,14,II.5,6.5,gompertz_plus_linear,-0.488392
BRL,14,II.5,9.5,first_order,-0.473205
BRL,14,II.5,9.5,modified_gompertz,-0.601467
BRL,14,II.5,9.5,logistic,-0.628157
BRL,14,II.5,9.5,two_pool_first_order,-0.473205
BRL,14,II.5,9.5,gompertz_plus_linear,-0.348223
BRL,14,II.5,12.5,first_order,-0.409037
BRL,14,II.5,12.5,modified_gompertz,-0.528575
BRL,14,II.5,12.5,logistic,-0.553639
BRL,14,II.5,12.5,two_pool_first_order,-0.212535
BRL,14,II.5,12.5,gompertz_plus_linear,-0.163568
BRL,14,II.6,6.5,first_order,-0.195439
BRL,14,II.6,6.5,modified_gompertz,-0.53113
BRL,14,II.6,6.5,logistic,-0.580771
BRL,14,II.6,6.5,two_pool_first_order,-0.195439
BRL,14,II.6,6.5,gompertz_plus_linear,0.283994
BRL,14,II.6,9.5,first_order,-0.165787
BRL,14,II.6,9.5,modified_gompertz,-0.412587
BRL,14,II.6,9.5,logistic,-0.462521
BRL,14,II.6,9.5,two_pool_first_order,0.114816
BRL,14,II.6,9.5,gompertz_plus_linear,0.302562
BRL,14,II.6,12.5,first_order,0.370707
BRL,14,II.6,12.5,modified_gompertz,0.0923231
BRL,14,II.6,12.5,logistic,-0.0819626
BRL,14,II.6,12.5,two_pool_first_order,0.422091
BRL,14,II.6,12.5,gompertz_plus_linear,0.57909
BRL,14,II.7,6.5,first_order,-0.0157338
BRL,14,II.7,6.5,modified_gompertz,-0.218548
BRL,14,II.7,6.5,logistic,-0.25497
BRL,14,II.7,6.5,two_pool_first_order,-0.0157338
BRL,14,II.7,6.5,gompertz_plus_linear,0.574491
BRL,14,II.7,9.5,first_order,-0.0780101
BRL,14,II.7,9.5,modified_gompertz,-0.170627
BRL,14,II.7,9.5,logistic,-0.192459
BRL,14,II.7,9.5,two_pool_first_order,-0.0780101
BRL,14,II.7,9.5,gompertz_plus_linear,0.294992
BRL,14,II.7,12.5,first_order,-0.08469
BRL,14,II.7,12.5,modified_gompertz,-0.142785
BRL,14,II.7,12.5,logistic,-0.15704
BRL,14,II.7,12.5,two_pool_first_order,-0.08469
BRL,14,II.7,12.5,gompertz_plus_linear,0.168502
BRL,14,II.8,6.5,first_order,-0.0680632
BRL,14,II.8,6.5,modified_gompertz,-0.222719
BRL,14,II.8,6.5,logistic,-0.255002
BRL,14,II.8,6.5,two_pool_first_order,-0.0680632
BRL,14,II.8,6.5,gompertz_plus_linear,0.808172
BRL,14,II.8,9.5,first_order,-0.10555
BRL,14,II.8,9.5,modified_gompertz,-0.18169
BRL,14,II.8,9.5,logistic,-0.198512
BRL,14,II.8,9.5,two_pool_first_order,-0.10555
BRL,14,II.8,9.5,gompertz_plus_linear,0.304325
BRL,14,II.8,12.5,first_order,-0.107204
BRL,14,II.8,12.5,modified_gompertz,-0.155857
BRL,14,II.8,12.5,logistic,-0.167679
BRL,14,II.8,12.5,two_pool_first_order,-0.107204
BRL,14,II.8,12.5,gompertz_plus_linear,0.143154
BRL,14,II.9,6.5,first_order,-0.0249554
BRL,14,II.9,6.5,modified_gompertz,-0.222572
BRL,14,II.9,6.5,logistic,-0.262689
BRL,14,II.9,6.5,two_pool_first_order,-0.0249554
BRL,14,II.9,6.5,gompertz_plus_linear,1.03045
BRL,14,II.9,9.5,first_order,-0.0627252
BRL,14,II.9,9.5,modified_gompertz,-0.165778
BRL,14,II.9,9.5,logistic,-0.186756
BRL,14,II.9,9.5,two_pool_first_order,-0.0627252
BRL,14,II.9,9.5,gompertz_plus_linear,0.424514
BRL,14,II.9,12.5,first_order,-0.0790298
BRL,14,II.9,12.5,modified_gompertz,-0.140873
BRL,14,II.9,12.5,logistic,-0.154823
BRL,14,II.9,12.5,two_pool_first_order,-0.0790298
BRL,14,II.9,12.5,gompertz_plus_linear,0.164338
LBE,1,IV.1,6.5,first_order,-0.53969
LBE,1,IV.1,6.5,modified_gompertz,-0.603005
LBE,1,IV.1,6.5,logistic,-0.605431
LBE,1,IV.1,6.5,two_pool_first_order,-0.294531
LBE,1,IV.1,6.5,gompertz_plus_linear,-0.280221
LBE,1,IV.1,9.5,first_order,-0.188686
LBE,1,IV.1,9.5,modified_gompertz,-0.111588
LBE,1,IV.1,9.5,logistic,-0.177417
LBE,1,IV.1,9.5,two_pool_first_order,-0.185679
LBE,1,IV.1,9.5,gompertz_plus_linear,-0.172148
LBE,1,IV.1,12.5,first_order,-0.0839551
LBE,1,IV.1,12.5,modified_gompertz,0.0217204
LBE,1,IV.1,12.5,logistic,-0.00131495
LBE,1,IV.1,12.5,two_pool_first_order,-0.0839551
LBE,1,IV.1,12.5,gompertz_plus_linear,-0.0705268
LBE,1,IV.10,6.5,first_order,-0.460412
LBE,1,IV.10,6.5,modified_gompertz,-0.169001
LBE,1,IV.10,6.5,logistic,-0.521041
LBE,1,IV.10,6.5,two_pool_first_order,-0.230657
LBE,1,IV.10,6.5,gompertz_plus_linear,-0.214053
LBE,1,IV.10,9.5,first_order,-0.0811804
LBE,1,IV.10,9.5,modified_gompertz,-0.000949698
LBE,1,IV.10,9.5,logistic,-0.0912914
LBE,1,IV.10,9.5,two_pool_first_order,-0.0672019
LBE,1,IV.10,9.5,gompertz_plus_linear,0.0833219
LBE,1,IV.10,12.5,first_order,-0.0339863
LBE,1,IV.10,12.5,modified_gompertz,0.0407926
LBE,1,IV.10,12.5,logistic,0.00816195
LBE,1,IV.10,12.5,two_pool_first_order,-0.0233927
LBE,1,IV.10,12.5,gompertz_plus_linear,-0.0175637
LBE,1,IV.11,6.5,first_order,-0.451543
LBE,1,IV.11,6.5,modified_gompertz,-0.167481
LBE,1,IV.11,6.5,logistic,-0.506923
LBE,1,IV.11,6.5,two_pool_first_order,-0.224179
LBE,1,IV.11,6.5,gompertz_plus_linear,-0.207252
LBE,1,IV.11,9.5,first_order,-0.0757053
LBE,1,IV.11,9.5,modified_gompertz,0.00799895
LBE,1,IV.11,9.5,logistic,-0.0842803
LBE,1,IV.11,9.5,two_pool_first_order,-0.0614674
LBE,1,IV.11,9.5,gompertz_plus_linear,0.0937437
LBE,1,IV.11,12.5,first_order,-0.028448
LBE,1,IV.11,12.5,modified_gompertz,0.0450244
LBE,1,IV.11,12.5,logistic,0.0117341
LBE,1,IV.11,12.5,two_pool_first_order,-0.0176693
LBE,1,IV.11,12.5,gompertz_plus_linear,0.0195457
LBE,1,IV.12,6.5,first_order,-0.47579
LBE,1,IV.12,6.5,modified_gompertz,-0.178625
LBE,1,IV.12,6.5,logistic,-0.541559
LBE,1,IV.12,6.5,two_pool_first_order,-0.245504
LBE,1,IV.12,6.5,gompertz_plus_linear,-0.229183
LBE,1,IV.12,9.5,first_order,-0.095597
LBE,1,IV.12,9.5,modified_gompertz,-0.0143916
LBE,1,IV.12,9.5,logistic,-0.101025
LBE,1,IV.12,9.5,two_pool_first_order,-0.0819644
LBE,1,IV.12,9.5,gompertz_plus_linear,0.0645481
LBE,1,IV.12,12.5,first_order,-0.0453619
LBE,1,IV.12,12.5,modified_gompertz,0.0380093
LBE,1,IV.12,12.5,logistic,0.00641885
LBE,1,IV.12,12.5,two_pool_first_order,-0.0453619
LBE,1,IV.12,12.5,gompertz_plus_linear,-0.028231
LBE,1,IV.13,6.5,first_order,-0.41461
LBE,1,IV.13,6.5,modified_gompertz,-0.15835
LBE,1,IV.13,6.5,logistic,-0.465742
LBE,1,IV.13,6.5,two_pool_first_order,-0.193876
LBE,1,IV.13,6.5,gompertz_plus_linear,-0.175988
LBE,1,IV.13,9.5,first_order,-0.0376748
LBE,1,IV.13,9.5,modified_gompertz,0.0737197
LBE,1,IV.13,9.5,logistic,-0.0332499
LBE,1,IV.13,9.5,two_pool_first_order,-0.0225856
LBE,1,IV.13,9.5,gompertz_plus_linear,0.168886
LBE,1,IV.13,12.5,first_order,0.00354908
LBE,1,IV.13,12.5,modified_gompertz,0.057247
LBE,1,IV.13,12.5,logistic,0.0196464
LBE,1,IV.13,12.5,two_pool_first_order,0.0146663
LBE,1,IV.13,12.5,gompertz_plus_linear,0.0403711
LBE,1,IV.14,6.5,first_order,-0.426097
LBE,1,IV.14,6.5,modified_gompertz,-0.179922
LBE,1,IV.14,6.5,logistic,-0.482122
LBE,1,IV.14,6.5,two_pool_first_order,-0.21142
LBE,1,IV.14,6.5,gompertz_plus_linear,-0.19412
LBE,1,IV.14,9.5,first_order,-0.0618461
LBE,1,IV.14,9.5,modified_gompertz,0.0451493
LBE,1,IV.14,9.5,logistic,-0.0573552
LBE,1,IV.14,9.5,two_pool_first_order,-0.0473617
LBE,1,IV.14,9.5,gompertz_plus_linear,0.13737
LBE,1,IV.14,12.5,first_order,-0.0152895
LBE,1,IV.14,12.5,modified_gompertz,0.0514201
LBE,1,IV.14,12.5,logistic,0.015174
LBE,1,IV.14,12.5,two_pool_first_order,-0.0152895
LBE,1,IV.14,12.5,gompertz_plus_linear,0.0284773
LBE,1,IV.15,6.5,first_order,-0.41834
LBE,1,IV.15,6.5,modified_gompertz,-0.207051
LBE,1,IV.15,6.5,logistic,-0.487066
LBE,1,IV.15,6.5,two_pool_first_order,-0.217442
LBE,1,IV.15,6.5,gompertz_plus_linear,-0.200442
LBE,1,IV.15,9.5,first_order,-0.0740551
LBE,1,IV.15,9.5,modified_gompertz,0.0321125
LBE,1,IV.15,9.5,logistic,-0.0715083
LBE,1,IV.15,9.5,two_pool_first_order,-0.0598336
LBE,1,IV.15,9.5,gompertz_plus_linear,0.128919
LBE,1,IV.15,12.5,first_order,-0.0240962
LBE,1,IV.15,12.5,modified_gompertz,0.048478
LBE,1,IV.15,12.5,logistic,0.0121797
LBE,1,IV.15,12.5,two_pool_first_order,-0.0240962
LBE,1,IV.15,12.5,gompertz_plus_linear,0.02402
LBE,1,IV.2,6.5,first_order,-0.545268
LBE,1,IV.2,6.5,modified_gompertz,-0.190441
LBE,1,IV.2,6.5,logistic,-0.60514
LBE,1,IV.2,6.5,two_pool_first_order,-0.301818
LBE,1,IV.2,6.5,gompertz_plus_linear,-0.288027
LBE,1,IV.2,9.5,first_order,-0.181857
LBE,1,IV.2,9.5,modified_gompertz,-0.0950671
LBE,1,IV.2,9.5,logistic,-0.163062
LBE,1,IV.2,9.5,two_pool_first_order,-0.188434
LBE,1,IV.2,9.5,gompertz_plus_linear,-0.174149
LBE,1,IV.2,12.5,first_order,-0.0865758
LBE,1,IV.2,12.5,modified_gompertz,0.0229721
LBE,1,IV.2,12.5,logistic,-0.00093781
LBE,1,IV.2,12.5,two_pool_first_order,-0.078082
LBE,1,IV.2,12.5,gompertz_plus_linear,-0.0715654
LBE,1,IV.3,6.5,first_order,-0.566321
LBE,1,IV.3,6.5,modified_gompertz,-0.621918
LBE,1,IV.3,6.5,logistic,-0.625562
LBE,1,IV.3,6.5,two_pool_first_order,-0.311055
LBE,1,IV.3,6.5,gompertz_plus_linear,-0.296503
LBE,1,IV.3,9.5,first_order,-0.252705
LBE,1,IV.3,9.5,modified_gompertz,-0.166895
LBE,1,IV.3,9.5,logistic,-0.225364
LBE,1,IV.3,9.5,two_pool_first_order,-0.209389
LBE,1,IV.3,9.5,gompertz_plus_linear,-0.19879
LBE,1,IV.3,12.5,first_order,-0.095889
LBE,1,IV.3,12.5,modified_gompertz,0.011565
LBE,1,IV.3,12.5,logistic,-0.00494449
LBE,1,IV.3,12.5,two_pool_first_order,-0.095889
LBE,1,IV.3,12.5,gompertz_plus_linear,-0.0915513
LBE,1,IV.4,6.5,first_order,-0.480648
LBE,1,IV.4,6.5,modified_gompertz,-0.197416
LBE,1,IV.4,6.5,logistic,-0.543529
LBE,1,IV.4,6.5,two_pool_first_order,-0.256733
LBE,1,IV.4,6.5,gompertz_plus_linear,-0.241697
LBE,1,IV.4,9.5,first_order,-0.110444
LBE,1,IV.4,9.5,modified_gompertz,-0.0285061
LBE,1,IV.4,9.5,logistic,-0.115046
LBE,1,IV.4,9.5,two_pool_first_order,-0.0977989
LBE,1,IV.4,9.5,gompertz_plus_linear,0.0515583
LBE,1,IV.4,12.5,first_order,-0.0546419
LBE,1,IV.4,12.5,modified_gompertz,0.041778
LBE,1,IV.4,12.5,logistic,0.0108696
LBE,1,IV.4,12.5,two_pool_first_order,-0.0447474
LBE,1,IV.4,12.5,gompertz_plus_linear,-0.0367596
LBE,1,IV.6,6.5,first_order,-0.482841
LBE,1,IV.6,6.5,modified_gompertz,-0.207318
LBE,1,IV.6,6.5,logistic,-0.539612
LBE,1,IV.6,6.5,two_pool_first_order,-0.262776
LBE,1,IV.6,6.5,gompertz_plus_linear,-0.248665
LBE,1,IV.6,9.5,first_order,-0.112102
LBE,1,IV.6,9.5,modified_gompertz,0.00425571
LBE,1,IV.6,9.5,logistic,-0.0852311
LBE,1,IV.6,9.5,two_pool_first_order,-0.0998959
LBE,1,IV.6,9.5,gompertz_plus_linear,0.0748794
LBE,1,IV.6,12.5,first_order,-0.0548342
LBE,1,IV.6,12.5,modified_gompertz,0.0426916
LBE,1,IV.6,12.5,logistic,0.00990448
LBE,1,IV.6,12.5,two_pool_first_order,-0.0452613
LBE,1,IV.6,12.5,gompertz_plus_linear,-0.0376135
LBE,1,IV.7,6.5,first_order,-0.442324
LBE,1,IV.7,6.5,modified_gompertz,-0.173679
LBE,1,IV.7,6.5,logistic,-0.450969
LBE,1,IV.7,6.5,two_pool_first_order,-0.222063
LBE,1,IV.7,6.5,gompertz_plus_linear,-0.20548
LBE,1,IV.7,9.5,first_order,-0.0687556
LBE,1,IV.7,9.5,modified_gompertz,0.0503647
LBE,1,IV.7,9.5,logistic,-0.049548
LBE,1,IV.7,9.5,two_pool_first_order,-0.0544866
LBE,1,IV.7,9.5,gompertz_plus_linear,0.131303
LBE,1,IV.7,12.5,first_order,-0.0201394
LBE,1,IV.7,12.5,modified_gompertz,0.0532553
LBE,1,IV.7,12.5,logistic,0.0174163
LBE,1,IV.7,12.5,two_pool_first_order,-0.0201394
LBE,1,IV.7,12.5,gompertz_plus_linear,0.0256675
LBE,1,IV.9,6.5,first_order,-0.477481
LBE,1,IV.9,6.5,modified_gompertz,-0.209218
LBE,1,IV.9,6.5,logistic,-0.537557
LBE,1,IV.9,6.5,two_pool_first_order,-0.260036
LBE,1,IV.9,6.5,gompertz_plus_linear,-0.244884
LBE,1,IV.9,9.5,first_order,-0.108801
LBE,1,IV.9,9.5,modified_gompertz,0.0132695
LBE,1,IV.9,9.5,logistic,-0.0795677
LBE,1,IV.9,9.5,two_pool_first_order,-0.095803
LBE,1,IV.9,9.5,gompertz_plus_linear,0.0849892
LBE,1,IV.9,12.5,first_order,-0.0512598
LBE,1,IV.9,12.5,modified_gompertz,0.0463788
LBE,1,IV.9,12.5,logistic,0.0128327
LBE,1,IV.9,12.5,two_pool_first_order,-0.04106
LBE,1,IV.9,12.5,gompertz_plus_linear,-0.0327198
LBE,3,IV.1,6.5,first_order,0.30266
LBE,3,IV.1,6.5,modified_gompertz,-0.280109
LBE,3,IV.1,6.5,logistic,-0.399295
LBE,3,IV.1,6.5,two_pool_first_order,0.535969
LBE,3,IV.1,6.5,gompertz_plus_linear,0.314266
LBE,3,IV.1,9.5,first_order,-0.0122409
LBE,3,IV.1,9.5,modified_gompertz,-0.268015
LBE,3,IV.1,9.5,logistic,-0.329611
LBE,3,IV.1,9.5,two_pool_first_order,-0.0122409
LBE,3,IV.1,9.5,gompertz_plus_linear,-0.0727164
LBE,3,IV.1,12.5,first_order,-0.0770915
LBE,3,IV.1,12.5,modified_gompertz,-0.219986
LBE,3,IV.1,12.5,logistic,-0.263726
LBE,3,IV.1,12.5,two_pool_first_order,-0.0770915
LBE,3,IV.1,12.5,gompertz_plus_linear,-0.0348677
LBE,3,IV.10,6.5,first_order,0.295756
LBE,3,IV.10,6.5,modified_gompertz,-0.306278
LBE,3,IV.10,6.5,logistic,-0.421524
LBE,3,IV.10,6.5,two_pool_first_order,0.486036
LBE,3,IV.10,6.5,gompertz_plus_linear,0.273863
LBE,3,IV.10,9.5,first_order,-0.053096
LBE,3,IV.10,9.5,modified_gompertz,-0.300854
LBE,3,IV.10,9.5,logistic,-0.358186
LBE,3,IV.10,9.5,two_pool_first_order,-0.0530959
LBE,3,IV.10,9.5,gompertz_plus_linear,-0.130616
LBE,3,IV.10,12.5,first_order,-0.107318
LBE,3,IV.10,12.5,modified_gompertz,-0.247496
LBE,3,IV.10,12.5,logistic,-0.289664
LBE,3,IV.10,12.5,two_pool_first_order,-0.107318
LBE,3,IV.10,12.5,gompertz_plus_linear,-0.0562785
LBE,3,IV.11,6.5,first_order,0.174673
LBE,3,IV.11,6.5,modified_gompertz,-0.322803
LBE,3,IV.11,6.5,logistic,-0.419807
LBE,3,IV.11,6.5,two_pool_first_order,0.174673
LBE,3,IV.11,6.5,gompertz_plus_linear,0.223585
LBE,3,IV.11,9.5,first_order,-0.142022
LBE,3,IV.11,9.5,modified_gompertz,-0.330957
LBE,3,IV.11,9.5,logistic,-0.375
LBE,3,IV.11,9.5,two_pool_first_order,-0.142022
LBE,3,IV.11,9.5,gompertz_plus_linear,-0.207752
LBE,3,IV.11,12.5,first_order,-0.171801
LBE,3,IV.11,12.5,modified_gompertz,-0.282946
LBE,3,IV.11,12.5,logistic,-0.315422
LBE,3,IV.11,12.5,two_pool_first_order,-0.171801
LBE,3,IV.11,12.5,gompertz_plus_linear,-0.0980781
LBE,3,IV.12,6.5,first_order,0.200755
LBE,3,IV.12,6.5,modified_gompertz,-0.317567
LBE,3,IV.12,6.5,logistic,-0.417648
LBE,3,IV.12,6.5,two_pool_first_order,0.437555
LBE,3,IV.12,6.5,gompertz_plus_linear,0.255714
LBE,3,IV.12,9.5,first_order,-0.108355
LBE,3,IV.12,9.5,modified_gompertz,-0.314934
LBE,3,IV.12,9.5,logistic,-0.363198
LBE,3,IV.12,9.5,two_pool_first_order,-0.108355
LBE,3,IV.12,9.5,gompertz_plus_linear,-0.156843
LBE,3,IV.12,12.5,first_order,-0.1449
LBE,3,IV.12,12.5,modified_gompertz,-0.264592
LBE,3,IV.12,12.5,logistic,-0.300258
LBE,3,IV.12,12.5,two_pool_first_order,-0.1449
LBE,3,IV.12,12.5,gompertz_plus_linear,-0.0743755
LBE,3,IV.13,6.5,first_order,0.177905
LBE,3,IV.13,6.5,modified_gompertz,-0.344912
LBE,3,IV.13,6.5,logistic,-0.444993
LBE,3,IV.13,6.5,two_pool_first_order,0.177905
LBE,3,IV.13,6.5,gompertz_plus_linear,0.182589
LBE,3,IV.13,9.5,first_order,-0.151873
LBE,3,IV.13,9.5,modified_gompertz,-0.351879
LBE,3,IV.13,9.5,logistic,-0.397977
LBE,3,IV.13,9.5,two_pool_first_order,-0.151873
LBE,3,IV.13,9.5,gompertz_plus_linear,-0.223862
LBE,3,IV.13,12.5,first_order,-0.179877
LBE,3,IV.13,12.5,modified_gompertz,-0.297675
LBE,3,IV.13,12.5,logistic,-0.333214
LBE,3,IV.13,12.5,two_pool_first_order,-0.179877
LBE,3,IV.13,12.5,gompertz_plus_linear,-0.105096
LBE,3,IV.14,6.5,first_order,0.129981
LBE,3,IV.14,6.5,modified_gompertz,-0.337333
LBE,3,IV.14,6.5,logistic,-0.428256
LBE,3,IV.14,6.5,two_pool_first_order,0.129981
LBE,3,IV.14,6.5,gompertz_plus_linear,0.149359
LBE,3,IV.14,9.5,first_order,-0.178022
LBE,3,IV.14,9.5,modified_gompertz,-0.349425
LBE,3,IV.14,9.5,logistic,-0.389323
LBE,3,IV.14,9.5,two_pool_first_order,-0.178022
LBE,3,IV.14,9.5,gompertz_plus_linear,-0.254006
LBE,3,IV.14,12.5,first_order,-0.204324
LBE,3,IV.14,12.5,modified_gompertz,-0.305558
LBE,3,IV.14,12.5,logistic,-0.334695
LBE,3,IV.14,12.5,two_pool_first_order,-0.204324
LBE,3,IV.14,12.5,gompertz_plus_linear,-0.13212
LBE,3,IV.15,6.5,first_order,0.190604
LBE,3,IV.15,6.5,modified_gompertz,-0.337052
LBE,3,IV.15,6.5,logistic,-0.436203
LBE,3,IV.15,6.5,two_pool_first_order,0.190604
LBE,3,IV.15,6.5,gompertz_plus_linear,0.202317
LBE,3,IV.15,9.5,first_order,-0.161923
LBE,3,IV.15,9.5,modified_gompertz,-0.353206
LBE,3,IV.15,9.5,logistic,-0.396546
LBE,3,IV.15,9.5,two_pool_first_order,-0.161923
LBE,3,IV.15,9.5,gompertz_plus_linear,-0.253269
LBE,3,IV.15,12.5,first_order,-0.200003
LBE,3,IV.15,12.5,modified_gompertz,-0.309314
LBE,3,IV.15,12.5,logistic,-0.341467
LBE,3,IV.15,12.5,two_pool_first_order,-0.200003
LBE,3,IV.15,12.5,gompertz_plus_linear,-0.14258
LBE,3,IV.2,6.5,first_order,0.324719
LBE,3,IV.2,6.5,modified_gompertz,-0.263898
LBE,3,IV.2,6.5,logistic,-0.384893
LBE,3,IV.2,6.5,two_pool_first_order,0.576805
LBE,3,IV.2,6.5,gompertz_plus_linear,0.340931
LBE,3,IV.2,9.5,first_order,0.00685559
LBE,3,IV.2,9.5,modified_gompertz,-0.251599
LBE,3,IV.2,9.5,logistic,-0.313541
LBE,3,IV.2,9.5,two_pool_first_order,0.00685561
LBE,3,IV.2,9.5,gompertz_plus_linear,-0.0741871
LBE,3,IV.2,12.5,first_order,-0.0797749
LBE,3,IV.2,12.5,modified_gompertz,-0.218206
LBE,3,IV.2,12.5,logistic,-0.259073
LBE,3,IV.2,12.5,two_pool_first_order,-0.0797749
LBE,3,IV.2,12.5,gompertz_plus_linear,-0.0684712
LBE,3,IV.3,6.5,first_order,0.356369
LBE,3,IV.3,6.5,modified_gompertz,-0.252847
LBE,3,IV.3,6.5,logistic,-0.384202
LBE,3,IV.3,6.5,two_pool_first_order,0.551243
LBE,3,IV.3,6.5,gompertz_plus_linear,0.333462
LBE,3,IV.3,9.5,first_order,0.046392
LBE,3,IV.3,9.5,modified_gompertz,-0.236281
LBE,3,IV.3,9.5,logistic,-0.30599
LBE,3,IV.3,9.5,two_pool_first_order,0.0463921
LBE,3,IV.3,9.5,gompertz_plus_linear,-0.0320067
LBE,3,IV.3,12.5,first_order,-0.0564114
LBE,3,IV.3,12.5,modified_gompertz,-0.205989
LBE,3,IV.3,12.5,logistic,-0.250709
LBE,3,IV.3,12.5,two_pool_first_order,-0.0564114
LBE,3,IV.3,12.5,gompertz_plus_linear,-0.0633772
LBE,3,IV.4,6.5,first_order,0.144709
LBE,3,IV.4,6.5,modified_gompertz,-0.333953
LBE,3,IV.4,6.5,logistic,-0.425901
LBE,3,IV.4,6.5,two_pool_first_order,0.144709
LBE,3,IV.4,6.5,gompertz_plus_linear,0.207723
LBE,3,IV.4,9.5,first_order,-0.156348
LBE,3,IV.4,9.5,modified_gompertz,-0.338409
LBE,3,IV.4,9.5,logistic,-0.380795
LBE,3,IV.4,9.5,two_pool_first_order,-0.156348
LBE,3,IV.4,9.5,gompertz_plus_linear,-0.205409
LBE,3,IV.4,12.5,first_order,-0.178922
LBE,3,IV.4,12.5,modified_gompertz,-0.288203
LBE,3,IV.4,12.5,logistic,-0.319479
LBE,3,IV.4,12.5,two_pool_first_order,-0.178922
LBE,3,IV.4,12.5,gompertz_plus_linear,-0.0947318
LBE,3,IV.5,6.5,first_order,0.199855
LBE,3,IV.5,6.5,modified_gompertz,-0.311388
LBE,3,IV.5,6.5,logistic,-0.412382
LBE,3,IV.5,6.5,two_pool_first_order,0.453539
LBE,3,IV.5,6.5,gompertz_plus_linear,0.248556
LBE,3,IV.5,9.5,first_order,-0.11021
LBE,3,IV.5,9.5,modified_gompertz,-0.312742
LBE,3,IV.5,9.5,logistic,-0.360484
LBE,3,IV.5,9.5,two_pool_first_order,-0.11021
LBE,3,IV.5,9.5,gompertz_plus_linear,-0.166902
LBE,3,IV.5,12.5,first_order,-0.144731
LBE,3,IV.5,12.5,modified_gompertz,-0.263063
LBE,3,IV.5,12.5,logistic,-0.298016
LBE,3,IV.5,12.5,two_pool_first_order,-0.144731
LBE,3,IV.5,12.5,gompertz_plus_linear,-0.0726333
LBE,3,IV.6,6.5,first_order,0.215134
LBE,3,IV.6,6.5,modified_gompertz,-0.314515
LBE,3,IV.6,6.5,logistic,-0.418396
LBE,3,IV.6,6.5,two_pool_first_order,0.489817
LBE,3,IV.6,6.5,gompertz_plus_linear,0.233878
LBE,3,IV.6,9.5,first_order,-0.127104
LBE,3,IV.6,9.5,modified_gompertz,-0.327395
LBE,3,IV.6,9.5,logistic,-0.373917
LBE,3,IV.6,9.5,two_pool_first_order,-0.127104
LBE,3,IV.6,9.5,gompertz_plus_linear,-0.209544
LBE,3,IV.6,12.5,first_order,-0.16284
LBE,3,IV.6,12.5,modified_gompertz,-0.278713
LBE,3,IV.6,12.5,logistic,-0.313544
LBE,3,IV.6,12.5,two_pool_first_order,-0.16284
LBE,3,IV.6,12.5,gompertz_plus_linear,-0.0976309
LBE,3,IV.7,6.5,first_order,0.179373
LBE,3,IV.7,6.5,modified_gompertz,-0.336867
LBE,3,IV.7,6.5,logistic,-0.434221
LBE,3,IV.7,6.5,two_pool_first_order,0.179373
LBE,3,IV.7,6.5,gompertz_plus_linear,0.173823
LBE,3,IV.7,9.5,first_order,-0.156347
LBE,3,IV.7,9.5,modified_gompertz,-0.347378
LBE,3,IV.7,9.5,logistic,-0.391255
LBE,3,IV.7,9.5,two_pool_first_order,-0.156347
LBE,3,IV.7,9.5,gompertz_plus_linear,-0.226558
LBE,3,IV.7,12.5,first_order,-0.174782
LBE,3,IV.7,12.5,modified_gompertz,-0.290204
LBE,3,IV.7,12.5,logistic,-0.324115
LBE,3,IV.7,12.5,two_pool_first_order,-0.174782
LBE,3,IV.7,12.5,gompertz_plus_linear,-0.088077
LBE,3,IV.8,6.5,first_order,0.185571
LBE,3,IV.8,6.5,modified_gompertz,-0.321859
LBE,3,IV.8,6.5,logistic,-0.414141
LBE,3,IV.8,6.5,two_pool_first_order,0.185571
LBE,3,IV.8,6.5,gompertz_plus_linear,0.231245
LBE,3,IV.8,9.5,first_order,-0.148859
LBE,3,IV.8,9.5,modified_gompertz,-0.331486
LBE,3,IV.8,9.5,logistic,-0.372446
LBE,3,IV.8,9.5,two_pool_first_order,-0.148859
LBE,3,IV.8,9.5,gompertz_plus_linear,-0.223739
LBE,3,IV.8,12.5,first_order,-0.177069
LBE,3,IV.8,12.5,modified_gompertz,-0.283612
LBE,3,IV.8,12.5,logistic,-0.31487
LBE,3,IV.8,12.5,two_pool_first_order,-0.177069
LBE,3,IV.8,12.5,gompertz_plus_linear,-0.100771
LBE,3,IV.9,6.5,first_order,0.202907
LBE,3,IV.9,6.5,modified_gompertz,-0.311314
LBE,3,IV.9,6.5,logistic,-0.411842
LBE,3,IV.9,6.5,two_pool_first_order,0.202907
LBE,3,IV.9,6.5,gompertz_plus_linear,0.24642
LBE,3,IV.9,9.5,first_order,-0.120629
LBE,3,IV.9,9.5,modified_gompertz,-0.318318
LBE,3,IV.9,9.5,logistic,-0.364557
LBE,3,IV.9,9.5,two_pool_first_order,-0.120629
LBE,3,IV.9,9.5,gompertz_plus_linear,-0.183798
LBE,3,IV.9,12.5,first_order,-0.15646
LBE,3,IV.9,12.5,modified_gompertz,-0.27094
LBE,3,IV.9,12.5,logistic,-0.30483
LBE,3,IV.9,12.5,two_pool_first_order,-0.15646
LBE,3,IV.9,12.5,gompertz_plus_linear,-0.089262
LBE,9,IV.1,6.5,first_order,0.433755
LBE,9,IV.1,6.5,modified_gompertz,-0.458718
LBE,9,IV.1,6.5,logistic,-0.565765
LBE,9,IV.1,6.5,two_pool_first_order,0.671449
LBE,9,IV.1,6.5,gompertz_plus_linear,1.04359
LBE,9,IV.1,9.5,first_order,-0.0398664
LBE,9,IV.1,9.5,modified_gompertz,-0.436232
LBE,9,IV.1,9.5,logistic,-0.498858
LBE,9,IV.1,9.5,two_pool_first_order,-0.0398663
LBE,9,IV.1,9.5,gompertz_plus_linear,0.00722383
LBE,9,IV.1,12.5,first_order,-0.156654
LBE,9,IV.1,12.5,modified_gompertz,-0.392368
LBE,9,IV.1,12.5,logistic,-0.439292
LBE,9,IV.1,12.5,two_pool_first_order,-0.156654
LBE,9,IV.1,12.5,gompertz_plus_linear,0.00919295
LBE,9,IV.10,6.5,first_order,0.138319
LBE,9,IV.10,6.5,modified_gompertz,-0.502069
LBE,9,IV.10,6.5,logistic,-0.615288
LBE,9,IV.10,6.5,two_pool_first_order,0.367979
LBE,9,IV.10,6.5,gompertz_plus_linear,1.38865
LBE,9,IV.10,9.5,first_order,-0.0251185
LBE,9,IV.10,9.5,modified_gompertz,-0.468305
LBE,9,IV.10,9.5,logistic,-0.54526
LBE,9,IV.10,9.5,two_pool_first_order,-0.0251185
LBE,9,IV.10,9.5,gompertz_plus_linear,-0.0615759
LBE,9,IV.10,12.5,first_order,-0.246915
LBE,9,IV.10,12.5,modified_gompertz,-0.469505
LBE,9,IV.10,12.5,logistic,-0.514349
LBE,9,IV.10,12.5,two_pool_first_order,-0.246915
LBE,9,IV.10,12.5,gompertz_plus_linear,-0.319583
LBE,9,IV.11,6.5,first_order,0.109888
LBE,9,IV.11,6.5,modified_gompertz,-0.496678
LBE,9,IV.11,6.5,logistic,-0.570356
LBE,9,IV.11,6.5,two_pool_first_order,0.109888
LBE,9,IV.11,6.5,gompertz_plus_linear,0.442065
LBE,9,IV.11,9.5,first_order,-0.291299
LBE,9,IV.11,9.5,modified_gompertz,-0.495171
LBE,9,IV.11,9.5,logistic,-0.530557
LBE,9,IV.11,9.5,two_pool_first_order,-0.291299
LBE,9,IV.11,9.5,gompertz_plus_linear,-0.252859
LBE,9,IV.11,12.5,first_order,-0.359179
LBE,9,IV.11,12.5,modified_gompertz,-0.47198
LBE,9,IV.11,12.5,logistic,-0.496128
LBE,9,IV.11,12.5,two_pool_first_order,-0.359179
LBE,9,IV.11,12.5,gompertz_plus_linear,-0.21131
LBE,9,IV.12,6.5,first_order,-0.0476562
LBE,9,IV.12,6.5,modified_gompertz,-0.499367
LBE,9,IV.12,6.5,logistic,-0.557293
LBE,9,IV.12,6.5,two_pool_first_order,-0.0476562
LBE,9,IV.12,6.5,gompertz_plus_linear,0.638398
LBE,9,IV.12,9.5,first_order,-0.318598
LBE,9,IV.12,9.5,modified_gompertz,-0.483837
LBE,9,IV.12,9.5,logistic,-0.51405
LBE,9,IV.12,9.5,two_pool_first_order,-0.318598
LBE,9,IV.12,9.5,gompertz_plus_linear,-0.127969
LBE,9,IV.12,12.5,first_order,-0.353941
LBE,9,IV.12,12.5,modified_gompertz,-0.45298
LBE,9,IV.12,12.5,logistic,-0.474994
LBE,9,IV.12,12.5,two_pool_first_order,-0.353941
LBE,9,IV.12,12.5,gompertz_plus_linear,-0.106717
LBE,9,IV.13,6.5,first_order,-0.104279
LBE,9,IV.13,6.5,modified_gompertz,-0.532638
LBE,9,IV.13,6.5,logistic,-0.5848
LBE,9,IV.13,6.5,two_pool_first_order,-0.104279
LBE,9,IV.13,6.5,gompertz_plus_linear,0.0957682
LBE,9,IV.13,9.5,first_order,-0.405636
LBE,9,IV.13,9.5,modified_gompertz,-0.53468
LBE,9,IV.13,9.5,logistic,-0.55792
LBE,9,IV.13,9.5,two_pool_first_order,-0.405636
LBE,9,IV.13,9.5,gompertz_plus_linear,-0.395258
LBE,9,IV.13,12.5,first_order,-0.437294
LBE,9,IV.13,12.5,modified_gompertz,-0.511847
LBE,9,IV.13,12.5,logistic,-0.52863
LBE,9,IV.13,12.5,two_pool_first_order,-0.437294
LBE,9,IV.13,12.5,gompertz_plus_linear,-0.261819
LBE,9,IV.14,6.5,first_order,-0.140043
LBE,9,IV.14,6.5,modified_gompertz,-0.535754
LBE,9,IV.14,6.5,logistic,-0.586919
LBE,9,IV.14,6.5,two_pool_first_order,-0.140043
LBE,9,IV.14,6.5,gompertz_plus_linear,0.0602945
LBE,9,IV.14,9.5,first_order,-0.409744
LBE,9,IV.14,9.5,modified_gompertz,-0.535303
LBE,9,IV.14,9.5,logistic,-0.558731
LBE,9,IV.14,9.5,two_pool_first_order,-0.409744
LBE,9,IV.14,9.5,gompertz_plus_linear,-0.368302
LBE,9,IV.14,12.5,first_order,-0.431879
LBE,9,IV.14,12.5,modified_gompertz,-0.507832
LBE,9,IV.14,12.5,logistic,-0.525558
LBE,9,IV.14,12.5,two_pool_first_order,-0.431879
LBE,9,IV.14,12.5,gompertz_plus_linear,-0.220164
LBE,9,IV.15,6.5,first_order,0.0755415
LBE,9,IV.15,6.5,modified_gompertz,-0.500342
LBE,9,IV.15,6.5,logistic,-0.570962
LBE,9,IV.15,6.5,two_pool_first_order,0.0755415
LBE,9,IV.15,6.5,gompertz_plus_linear,0.287746
LBE,9,IV.15,9.5,first_order,-0.353949
LBE,9,IV.15,9.5,modified_gompertz,-0.516993
LBE,9,IV.15,9.5,logistic,-0.546138
LBE,9,IV.15,9.5,two_pool_first_order,-0.353949
LBE,9,IV.15,9.5,gompertz_plus_linear,-0.447723
LBE,9,IV.15,12.5,first_order,-0.411074
LBE,9,IV.15,12.5,modified_gompertz,-0.499315
LBE,9,IV.15,12.5,logistic,-0.51867
LBE,9,IV.15,12.5,two_pool_first_order,-0.411074
LBE,9,IV.15,12.5,gompertz_plus_linear,-0.305883
LBE,9,IV.2,6.5,first_order,0.688875
LBE,9,IV.2,6.5,modified_gompertz,-0.365412
LBE,9,IV.2,6.5,logistic,-0.483559
LBE,9,IV.2,6.5,two_pool_first_order,0.960604
LBE,9,IV.2,6.5,gompertz_plus_linear,0.804603
LBE,9,IV.2,9.5,first_order,0.06799
LBE,9,IV.2,9.5,modified_gompertz,-0.349231
LBE,9,IV.2,9.5,logistic,-0.414302
LBE,9,IV.2,9.5,two_pool_first_order,0.0679901
LBE,9,IV.2,9.5,gompertz_plus_linear,0.118873
LBE,9,IV.2,12.5,first_order,-0.0881952
LBE,9,IV.2,12.5,modified_gompertz,-0.315803
LBE,9,IV.2,12.5,logistic,-0.360343
LBE,9,IV.2,12.5,two_pool_first_order,-0.0881951
LBE,9,IV.2,12.5,gompertz_plus_linear,0.0455136
LBE,9,IV.3,6.5,first_order,-0.565409
LBE,9,IV.3,6.5,modified_gompertz,-0.570398
LBE,9,IV.3,6.5,logistic,-0.572585
LBE,9,IV.3,6.5,two_pool_first_order,-0.565409
LBE,9,IV.3,6.5,gompertz_plus_linear,-0.444919
LBE,9,IV.3,9.5,first_order,-0.5031
LBE,9,IV.3,9.5,modified_gompertz,-0.515303
LBE,9,IV.3,9.5,logistic,-0.518359
LBE,9,IV.3,9.5,two_pool_first_order,0.266572
LBE,9,IV.3,9.5,gompertz_plus_linear,0.267322
LBE,9,IV.3,12.5,first_order,-0.302816
LBE,9,IV.3,12.5,modified_gompertz,-0.335823
LBE,9,IV.3,12.5,logistic,0.974631
LBE,9,IV.3,12.5,two_pool_first_order,0.549365
LBE,9,IV.3,12.5,gompertz_plus_linear,0.547854
LBE,9,IV.4,6.5,first_order,0.547692
LBE,9,IV.4,6.5,modified_gompertz,-0.432646
LBE,9,IV.4,6.5,logistic,-0.528486
LBE,9,IV.4,6.5,two_pool_first_order,0.547692
LBE,9,IV.4,6.5,gompertz_plus_linear,0.612602
LBE,9,IV.4,9.5,first_order,-0.194222
LBE,9,IV.4,9.5,modified_gompertz,-0.453704
LBE,9,IV.4,9.5,logistic,-0.493987
LBE,9,IV.4,9.5,two_pool_first_order,-0.194222
LBE,9,IV.4,9.5,gompertz_plus_linear,-0.35121
LBE,9,IV.4,12.5,first_order,-0.305035
LBE,9,IV.4,12.5,modified_gompertz,-0.43631
LBE,9,IV.4,12.5,logistic,-0.461944
LBE,9,IV.4,12.5,two_pool_first_order,-0.305035
LBE,9,IV.4,12.5,gompertz_plus_linear,-0.23987
LBE,9,IV.5,6.5,first_order,0.37661
LBE,9,IV.5,6.5,modified_gompertz,-0.440256
LBE,9,IV.5,6.5,logistic,-0.528873
LBE,9,IV.5,6.5,two_pool_first_order,0.37661
LBE,9,IV.5,6.5,gompertz_plus_linear,0.574651
LBE,9,IV.5,9.5,first_order,-0.19726
LBE,9,IV.5,9.5,modified_gompertz,-0.446565
LBE,9,IV.5,9.5,logistic,-0.48737
LBE,9,IV.5,9.5,two_pool_first_order,-0.19726
LBE,9,IV.5,9.5,gompertz_plus_linear,-0.222545
LBE,9,IV.5,12.5,first_order,-0.281928
LBE,9,IV.5,12.5,modified_gompertz,-0.418962
LBE,9,IV.5,12.5,logistic,-0.447029
LBE,9,IV.5,12.5,two_pool_first_order,-0.281928
LBE,9,IV.5,12.5,gompertz_plus_linear,-0.128658
LBE,9,IV.6,6.5,first_order,0.0868907
LBE,9,IV.6,6.5,modified_gompertz,-0.502062
LBE,9,IV.6,6.5,logistic,-0.571722
LBE,9,IV.6,6.5,two_pool_first_order,0.0868907
LBE,9,IV.6,6.5,gompertz_plus_linear,0.412785
LBE,9,IV.6,9.5,first_order,-0.314926
LBE,9,IV.6,9.5,modified_gompertz,-0.502807
LBE,9,IV.6,9.5,logistic,-0.535382
LBE,9,IV.6,9.5,two_pool_first_order,-0.314926
LBE,9,IV.6,9.5,gompertz_plus_linear,-0.28421
LBE,9,IV.6,12.5,first_order,-0.372329
LBE,9,IV.6,12.5,modified_gompertz,-0.477935
LBE,9,IV.6,12.5,logistic,-0.500638
LBE,9,IV.6,12.5,two_pool_first_order,-0.372329
LBE,9,IV.6,12.5,gompertz_plus_linear,-0.209092
LBE,9,IV.7,6.5,first_order,-0.0779056
LBE,9,IV.7,6.5,modified_gompertz,-0.527428
LBE,9,IV.7,6.5,logistic,-0.583306
LBE,9,IV.7,6.5,two_pool_first_order,-0.0779056
LBE,9,IV.7,6.5,gompertz_plus_linear,0.147477
LBE,9,IV.7,9.5,first_order,-0.387641
LBE,9,IV.7,9.5,modified_gompertz,-0.528115
LBE,9,IV.7,9.5,logistic,-0.553715
LBE,9,IV.7,9.5,two_pool_first_order,-0.387641
LBE,9,IV.7,9.5,gompertz_plus_linear,-0.351766
LBE,9,IV.7,12.5,first_order,-0.417591
LBE,9,IV.7,12.5,modified_gompertz,-0.50094
LBE,9,IV.7,12.5,logistic,-0.519889
LBE,9,IV.7,12.5,two_pool_first_order,-0.417591
LBE,9,IV.7,12.5,gompertz_plus_linear,-0.216196
LBE,9,IV.8,6.5,first_order,-0.0390603
LBE,9,IV.8,6.5,modified_gompertz,-0.489064
LBE,9,IV.8,6.5,logistic,-0.546649
LBE,9,IV.8,6.5,two_pool_first_order,-0.0390603
LBE,9,IV.8,6.5,gompertz_plus_linear,0.17084
LBE,9,IV.8,9.5,first_order,-0.334124
LBE,9,IV.8,9.5,modified_gompertz,-0.483164
LBE,9,IV.8,9.5,logistic,-0.510788
LBE,9,IV.8,9.5,two_pool_first_order,-0.334124
LBE,9,IV.8,9.5,gompertz_plus_linear,-0.248391
LBE,9,IV.8,12.5,first_order,-0.359849
LBE,9,IV.8,12.5,modified_gompertz,-0.450422
LBE,9,IV.8,12.5,logistic,-0.471354
LBE,9,IV.8,12.5,two_pool_first_order,-0.359849
LBE,9,IV.8,12.5,gompertz_plus_linear,-0.111403
LBE,9,IV.9,6.5,first_order,0.287554
LBE,9,IV.9,6.5,modified_gompertz,-0.439628
LBE,9,IV.9,6.5,logistic,-0.523393
LBE,9,IV.9,6.5,two_pool_first_order,0.287554
LBE,9,IV.9,6.5,gompertz_plus_linear,0.502749
LBE,9,IV.9,9.5,first_order,-0.23569
LBE,9,IV.9,9.5,modified_gompertz,-0.450887
LBE,9,IV.9,9.5,logistic,-0.487697
LBE,9,IV.9,9.5,two_pool_first_order,-0.23569
LBE,9,IV.9,9.5,gompertz_plus_linear,-0.298223
LBE,9,IV.9,12.5,first_order,-0.310641
LBE,9,IV.9,12.5,modified_gompertz,-0.427576
LBE,9,IV.9,12.5,logistic,-0.452317
LBE,9,IV.9,12.5,two_pool_first_order,-0.310641
LBE,9,IV.9,12.5,gompertz_plus_linear,-0.176041
LBE,10,IV.1,6.5,first_order,-0.635933
LBE,10,IV.1,6.5,modified_gompertz,-0.657965
LBE,10,IV.1,6.5,logistic,-0.662685
LBE,10,IV.1,6.5,two_pool_first_order,-0.331621
LBE,10,IV.1,6.5,gompertz_plus_linear,-0.314126
LBE,10,IV.1,9.5,first_order,-0.424447
LBE,10,IV.1,9.5,modified_gompertz,-0.0494097
LBE,10,IV.1,9.5,logistic,-0.0563244
LBE,10,IV.1,9.5,two_pool_first_order,-0.200076
LBE,10,IV.1,9.5,gompertz_plus_linear,-0.194167
LBE,10,IV.1,12.5,first_order,-0.182202
LBE,10,IV.1,12.5,modified_gompertz,-0.0423085
LBE,10,IV.1,12.5,logistic,-0.0569961
LBE,10,IV.1,12.5,two_pool_first_order,-0.121417
LBE,10,IV.1,12.5,gompertz_plus_linear,-0.115643
LBE,10,IV.10,6.5,first_order,-0.314341
LBE,10,IV.10,6.5,modified_gompertz,-0.149793
LBE,10,IV.10,6.5,logistic,-0.447853
LBE,10,IV.10,6.5,two_pool_first_order,-0.067377
LBE,10,IV.10,6.5,gompertz_plus_linear,-0.0389725
LBE,10,IV.10,9.5,first_order,-0.0226805
LBE,10,IV.10,9.5,modified_gompertz,-0.0957495
LBE,10,IV.10,9.5,logistic,-0.22227
LBE,10,IV.10,9.5,two_pool_first_order,-0.00145443
LBE,10,IV.10,9.5,gompertz_plus_linear,0.132242
LBE,10,IV.10,12.5,first_order,0.0304298
LBE,10,IV.10,12.5,modified_gompertz,-0.0222444
LBE,10,IV.10,12.5,logistic,-0.0880135
LBE,10,IV.10,12.5,two_pool_first_order,0.023813
LBE,10,IV.10,12.5,gompertz_plus_linear,0.0431882
LBE,10,IV.11,6.5,first_order,-0.545328
LBE,10,IV.11,6.5,modified_gompertz,-0.592754
LBE,10,IV.11,6.5,logistic,-0.596974
LBE,10,IV.11,6.5,two_pool_first_order,-0.275099
LBE,10,IV.11,6.5,gompertz_plus_linear,-0.138505
LBE,10,IV.11,9.5,first_order,-0.412479
LBE,10,IV.11,9.5,modified_gompertz,-0.46832
LBE,10,IV.11,9.5,logistic,-0.476877
LBE,10,IV.11,9.5,two_pool_first_order,-0.240211
LBE,10,IV.11,9.5,gompertz_plus_linear,-0.174877
LBE,10,IV.11,12.5,first_order,-0.230188
LBE,10,IV.11,12.5,modified_gompertz,-0.223462
LBE,10,IV.11,12.5,logistic,-0.0904276
LBE,10,IV.11,12.5,two_pool_first_order,-0.145623
LBE,10,IV.11,12.5,gompertz_plus_linear,-0.137202
LBE,10,IV.12,6.5,first_order,-0.426105
LBE,10,IV.12,6.5,modified_gompertz,-0.0429316
LBE,10,IV.12,6.5,logistic,-0.515889
LBE,10,IV.12,6.5,two_pool_first_order,-0.0946306
LBE,10,IV.12,6.5,gompertz_plus_linear,-0.0711623
LBE,10,IV.12,9.5,first_order,-0.113892
LBE,10,IV.12,9.5,modified_gompertz,-0.0422254
LBE,10,IV.12,9.5,logistic,-0.231391
LBE,10,IV.12,9.5,two_pool_first_order,-0.0290493
LBE,10,IV.12,9.5,gompertz_plus_linear,-0.00529812
LBE,10,IV.12,12.5,first_order,0.00566351
LBE,10,IV.12,12.5,modified_gompertz,-0.0120177
LBE,10,IV.12,12.5,logistic,-0.0722165
LBE,10,IV.12,12.5,two_pool_first_order,0.00807972
LBE,10,IV.12,12.5,gompertz_plus_linear,0.0711455
LBE,10,IV.13,6.5,first_order,-0.540909
LBE,10,IV.13,6.5,modified_gompertz,-0.603514
LBE,10,IV.13,6.5,logistic,-0.612445
LBE,10,IV.13,6.5,two_pool_first_order,-0.29923
LBE,10,IV.13,6.5,gompertz_plus_linear,-0.162223
LBE,10,IV.13,9.5,first_order,-0.31785
LBE,10,IV.13,9.5,modified_gompertz,-0.373126
LBE,10,IV.13,9.5,logistic,-0.359309
LBE,10,IV.13,9.5,two_pool_first_order,-0.151371
LBE,10,IV.13,9.5,gompertz_plus_linear,-0.134799
LBE,10,IV.13,12.5,first_order,-0.104562
LBE,10,IV.13,12.5,modified_gompertz,-0.0557078
LBE,10,IV.13,12.5,logistic,-0.102689
LBE,10,IV.13,12.5,two_pool_first_order,-0.0900761
LBE,10,IV.13,12.5,gompertz_plus_linear,-0.0752806
LBE,10,IV.14,6.5,first_order,-0.455009
LBE,10,IV.14,6.5,modified_gompertz,-0.0939374
LBE,10,IV.14,6.5,logistic,-0.550616
LBE,10,IV.14,6.5,two_pool_first_order,-0.139288
LBE,10,IV.14,6.5,gompertz_plus_linear,-0.113931
LBE,10,IV.14,9.5,first_order,-0.166515
LBE,10,IV.14,9.5,modified_gompertz,-0.0932129
LBE,10,IV.14,9.5,logistic,-0.27853
LBE,10,IV.14,9.5,two_pool_first_order,-0.0835439
LBE,10,IV.14,9.5,gompertz_plus_linear,-0.0593266
LBE,10,IV.14,12.5,first_order,-0.0233282
LBE,10,IV.14,12.5,modified_gompertz,-0.03166
LBE,10,IV.14,12.5,logistic,-0.0892173
LBE,10,IV.14,12.5,two_pool_first_order,-0.0367126
LBE,10,IV.14,12.5,gompertz_plus_linear,-0.0175172
LBE,10,IV.15,6.5,first_order,-0.529807
LBE,10,IV.15,6.5,modified_gompertz,-0.132067
LBE,10,IV.15,6.5,logistic,-0.60431
LBE,10,IV.15,6.5,two_pool_first_order,-0.21737
LBE,10,IV.15,6.5,gompertz_plus_linear,-0.197654
LBE,10,IV.15,9.5,first_order,-0.190132
LBE,10,IV.15,9.5,modified_gompertz,-0.128531
LBE,10,IV.15,9.5,logistic,-0.258038
LBE,10,IV.15,9.5,two_pool_first_order,-0.13295
LBE,10,IV.15,9.5,gompertz_plus_linear,-0.112027
LBE,10,IV.15,12.5,first_order,-0.0439474
LBE,10,IV.15,12.5,modified_gompertz,-0.00575993
LBE,10,IV.15,12.5,logistic,-0.0668197
LBE,10,IV.15,12.5,two_pool_first_order,-0.0644138
LBE,10,IV.15,12.5,gompertz_plus_linear,-0.046275
LBE,10,IV.2,6.5,first_order,-0.633058
LBE,10,IV.2,6.5,modified_gompertz,-0.64689
LBE,10,IV.2,6.5,logistic,-0.650207
LBE,10,IV.2,6.5,two_pool_first_order,-0.397079
LBE,10,IV.2,6.5,gompertz_plus_linear,-0.369366
LBE,10,IV.2,9.5,first_order,-0.524729
LBE,10,IV.2,9.5,modified_gompertz,-0.558956
LBE,10,IV.2,9.5,logistic,-0.0977327
LBE,10,IV.2,9.5,two_pool_first_order,-0.287258
LBE,10,IV.2,9.5,gompertz_plus_linear,-0.281143
LBE,10,IV.2,12.5,first_order,-0.268633
LBE,10,IV.2,12.5,modified_gompertz,-0.0551147
LBE,10,IV.2,12.5,logistic,-0.0477316
LBE,10,IV.2,12.5,two_pool_first_order,-0.173451
LBE,10,IV.2,12.5,gompertz_plus_linear,-0.169777
LBE,10,IV.3,6.5,first_order,-0.291138
LBE,10,IV.3,6.5,modified_gompertz,-0.473296
LBE,10,IV.3,6.5,logistic,-0.517269
LBE,10,IV.3,6.5,two_pool_first_order,-0.0225387
LBE,10,IV.3,6.5,gompertz_plus_linear,-0.0190716
LBE,10,IV.3,9.5,first_order,0.18863
LBE,10,IV.3,9.5,modified_gompertz,0.32218
LBE,10,IV.3,9.5,logistic,0.102294
LBE,10,IV.3,9.5,two_pool_first_order,0.18877
LBE,10,IV.3,9.5,gompertz_plus_linear,0.670486
LBE,10,IV.3,12.5,first_order,0.220774
LBE,10,IV.3,12.5,modified_gompertz,0.181007
LBE,10,IV.3,12.5,logistic,0.0833658
LBE,10,IV.3,12.5,two_pool_first_order,0.220774
LBE,10,IV.3,12.5,gompertz_plus_linear,0.229739
LBE,10,IV.4,6.5,first_order,-0.509612
LBE,10,IV.4,6.5,modified_gompertz,-0.56522
LBE,10,IV.4,6.5,logistic,-0.574776
LBE,10,IV.4,6.5,two_pool_first_order,-0.418149
LBE,10,IV.4,6.5,gompertz_plus_linear,-0.141251
LBE,10,IV.4,9.5,first_order,-0.405392
LBE,10,IV.4,9.5,modified_gompertz,-0.463724
LBE,10,IV.4,9.5,logistic,-0.474059
LBE,10,IV.4,9.5,two_pool_first_order,-0.194739
LBE,10,IV.4,9.5,gompertz_plus_linear,-0.173152
LBE,10,IV.4,12.5,first_order,-0.229847
LBE,10,IV.4,12.5,modified_gompertz,-0.263432
LBE,10,IV.4,12.5,logistic,-0.0311476
LBE,10,IV.4,12.5,two_pool_first_order,-0.12355
LBE,10,IV.4,12.5,gompertz_plus_linear,-0.114727
LBE,10,IV.5,6.5,first_order,-0.483276
LBE,10,IV.5,6.5,modified_gompertz,-0.101825
LBE,10,IV.5,6.5,logistic,-0.343314
LBE,10,IV.5,6.5,two_pool_first_order,-0.172215
LBE,10,IV.5,6.5,gompertz_plus_linear,-0.150718
LBE,10,IV.5,9.5,first_order,-0.145307
LBE,10,IV.5,9.5,modified_gompertz,-0.0984587
LBE,10,IV.5,9.5,logistic,-0.237842
LBE,10,IV.5,9.5,two_pool_first_order,-0.0939833
LBE,10,IV.5,9.5,gompertz_plus_linear,-0.0720263
LBE,10,IV.5,12.5,first_order,-0.00855273
LBE,10,IV.5,12.5,modified_gompertz,0.0125998
LBE,10,IV.5,12.5,logistic,-0.051195
LBE,10,IV.5,12.5,two_pool_first_order,-0.0311565
LBE,10,IV.5,12.5,gompertz_plus_linear,0.0913043
LBE,10,IV.6,6.5,first_order,-0.597053
LBE,10,IV.6,6.5,modified_gompertz,-0.634283
LBE,10,IV.6,6.5,logistic,-0.639369
LBE,10,IV.6,6.5,two_pool_first_order,-0.277042
LBE,10,IV.6,6.5,gompertz_plus_linear,-0.246568
LBE,10,IV.6,9.5,first_order,-0.44801
LBE,10,IV.6,9.5,modified_gompertz,-0.498608
LBE,10,IV.6,9.5,logistic,-0.107695
LBE,10,IV.6,9.5,two_pool_first_order,-0.235929
LBE,10,IV.6,9.5,gompertz_plus_linear,-0.224745
LBE,10,IV.6,12.5,first_order,-0.230602
LBE,10,IV.6,12.5,modified_gompertz,-0.0897558
LBE,10,IV.6,12.5,logistic,-0.111189
LBE,10,IV.6,12.5,two_pool_first_order,-0.163372
LBE,10,IV.6,12.5,gompertz_plus_linear,-0.156188
LBE,10,IV.7,6.5,first_order,-0.571802
LBE,10,IV.7,6.5,modified_gompertz,-0.628377
LBE,10,IV.7,6.5,logistic,-0.634509
LBE,10,IV.7,6.5,two_pool_first_order,-0.241529
LBE,10,IV.7,6.5,gompertz_plus_linear,-0.219452
LBE,10,IV.7,9.5,first_order,-0.333335
LBE,10,IV.7,9.5,modified_gompertz,-0.105072
LBE,10,IV.7,9.5,logistic,-0.243297
LBE,10,IV.7,9.5,two_pool_first_order,-0.186114
LBE,10,IV.7,9.5,gompertz_plus_linear,-0.171679
LBE,10,IV.7,12.5,first_order,-0.113733
LBE,10,IV.7,12.5,modified_gompertz,-0.065241
LBE,10,IV.7,12.5,logistic,-0.105859
LBE,10,IV.7,12.5,two_pool_first_order,-0.117478
LBE,10,IV.7,12.5,gompertz_plus_linear,-0.103535
LBE,10,IV.8,6.5,first_order,-0.580579
LBE,10,IV.8,6.5,modified_gompertz,-0.627462
LBE,10,IV.8,6.5,logistic,-0.632559
LBE,10,IV.8,6.5,two_pool_first_order,-0.285646
LBE,10,IV.8,6.5,gompertz_plus_linear,-0.209153
LBE,10,IV.8,9.5,first_order,-0.344856
LBE,10,IV.8,9.5,modified_gompertz,-0.0706639
LBE,10,IV.8,9.5,logistic,-0.161545
LBE,10,IV.8,9.5,two_pool_first_order,-0.174312
LBE,10,IV.8,9.5,gompertz_plus_linear,-0.160074
LBE,10,IV.8,12.5,first_order,-0.127804
LBE,10,IV.8,12.5,modified_gompertz,-0.0656155
LBE,10,IV.8,12.5,logistic,-0.108887
LBE,10,IV.8,12.5,two_pool_first_order,-0.110421
LBE,10,IV.8,12.5,gompertz_plus_linear,-0.0971485
LBE,10,IV.9,6.5,first_order,-0.272775
LBE,10,IV.9,6.5,modified_gompertz,-0.227141
LBE,10,IV.9,6.5,logistic,-0.424953
LBE,10,IV.9,6.5,two_pool_first_order,-0.127153
LBE,10,IV.9,6.5,gompertz_plus_linear,0.153299
LBE,10,IV.9,9.5,first_order,0.00854388
LBE,10,IV.9,9.5,modified_gompertz,0.0372911
LBE,10,IV.9,9.5,logistic,-0.147329
LBE,10,IV.9,9.5,two_pool_first_order,0.0280672
LBE,10,IV.9,9.5,gompertz_plus_linear,0.310837
LBE,10,IV.9,12.5,first_order,0.0374932
LBE,10,IV.9,12.5,modified_gompertz,0.0429329
LBE,10,IV.9,12.5,logistic,-0.0405195
LBE,10,IV.9,12.5,two_pool_first_order,0.0528741
LBE,10,IV.9,12.5,gompertz_plus_linear,0.0880146
LBE,11,IV.1,6.5,first_order,-0.497881
LBE,11,IV.1,6.5,modified_gompertz,-0.0849534
LBE,11,IV.1,6.5,logistic,-0.225169
LBE,11,IV.1,6.5,two_pool_first_order,-0.215363
LBE,11,IV.1,6.5,gompertz_plus_linear,-0.202825
LBE,11,IV.1,9.5,first_order,-0.00835317
LBE,11,IV.1,9.5,modified_gompertz,0.145014
LBE,11,IV.1,9.5,logistic,0.0467732
LBE,11,IV.1,9.5,two_pool_first_order,-0.0569118
LBE,11,IV.1,9.5,gompertz_plus_linear,0.197852
LBE,11,IV.1,12.5,first_order,0.019321
LBE,11,IV.1,12.5,modified_gompertz,0.0548613
LBE,11,IV.1,12.5,logistic,0.017167
LBE,11,IV.1,12.5,two_pool_first_order,0.0273549
LBE,11,IV.1,12.5,gompertz_plus_linear,0.0725203
LBE,11,IV.10,6.5,first_order,0.102112
LBE,11,IV.10,6.5,modified_gompertz,-0.0253933
LBE,11,IV.10,6.5,logistic,-0.245777
LBE,11,IV.10,6.5,two_pool_first_order,0.0537373
LBE,11,IV.10,6.5,gompertz_plus_linear,0.463411
LBE,11,IV.10,9.5,first_order,0.14648
LBE,11,IV.10,9.5,modified_gompertz,0.10721
LBE,11,IV.10,9.5,logistic,-0.0320159
LBE,11,IV.10,9.5,two_pool_first_order,0.169821
LBE,11,IV.10,9.5,gompertz_plus_linear,0.239398
LBE,11,IV.10,12.5,first_order,0.0934495
LBE,11,IV.10,12.5,modified_gompertz,0.0260119
LBE,11,IV.10,12.5,logistic,-0.0168797
LBE,11,IV.10,12.5,two_pool_first_order,0.0934495
LBE,11,IV.10,12.5,gompertz_plus_linear,0.0260119
LBE,11,IV.11,6.5,first_order,-0.331388
LBE,11,IV.11,6.5,modified_gompertz,-0.188051
LBE,11,IV.11,6.5,logistic,-0.392047
LBE,11,IV.11,6.5,two_pool_first_order,-0.184043
LBE,11,IV.11,6.5,gompertz_plus_linear,-0.161257
LBE,11,IV.11,9.5,first_order,-0.0361933
LBE,11,IV.11,9.5,modified_gompertz,0.0773974
LBE,11,IV.11,9.5,logistic,-0.0561661
LBE,11,IV.11,9.5,two_pool_first_order,-0.0203352
LBE,11,IV.11,9.5,gompertz_plus_linear,0.209042
LBE,11,IV.11,12.5,first_order,-0.00570749
LBE,11,IV.11,12.5,modified_gompertz,0.0231919
LBE,11,IV.11,12.5,logistic,-0.0185871
LBE,11,IV.11,12.5,two_pool_first_order,-0.00570749
LBE,11,IV.11,12.5,gompertz_plus_linear,0.0369471
LBE,11,IV.12,6.5,first_order,-0.0324749
LBE,11,IV.12,6.5,modified_gompertz,-0.103618
LBE,11,IV.12,6.5,logistic,-0.284728
LBE,11,IV.12,6.5,two_pool_first_order,0.0174138
LBE,11,IV.12,6.5,gompertz_plus_linear,0.309064
LBE,11,IV.12,9.5,first_order,0.126384
LBE,11,IV.12,9.5,modified_gompertz,0.106627
LBE,11,IV.12,9.5,logistic,-0.0295308
LBE,11,IV.12,9.5,two_pool_first_order,0.14721
LBE,11,IV.12,9.5,gompertz_plus_linear,0.281137
LBE,11,IV.12,12.5,first_order,0.0961986
LBE,11,IV.12,12.5,modified_gompertz,0.0381579
LBE,11,IV.12,12.5,logistic,-0.00459342
LBE,11,IV.12,12.5,two_pool_first_order,0.0961986
LBE,11,IV.12,12.5,gompertz_plus_linear,0.043947
LBE,11,IV.13,6.5,first_order,0.0208337
LBE,11,IV.13,6.5,modified_gompertz,-0.100322
LBE,11,IV.13,6.5,logistic,-0.277821
LBE,11,IV.13,6.5,two_pool_first_order,0.0618339
LBE,11,IV.13,6.5,gompertz_plus_linear,0.336151
LBE,11,IV.13,9.5,first_order,0.159828
LBE,11,IV.13,9.5,modified_gompertz,0.108718
LBE,11,IV.13,9.5,logistic,-0.0231719
LBE,11,IV.13,9.5,two_pool_first_order,0.184807
LBE,11,IV.13,9.5,gompertz_plus_linear,0.277037
LBE,11,IV.13,12.5,first_order,0.0927468
LBE,11,IV.13,12.5,modified_gompertz,0.0310506
LBE,11,IV.13,12.5,logistic,-0.0103943
LBE,11,IV.13,12.5,two_pool_first_order,0.0927468
LBE,11,IV.13,12.5,gompertz_plus_linear,0.0336496
LBE,11,IV.14,6.5,first_order,0.114187
LBE,11,IV.14,6.5,modified_gompertz,-0.0622544
LBE,11,IV.14,6.5,logistic,-0.25072
LBE,11,IV.14,6.5,two_pool_first_order,0.131458
LBE,11,IV.14,6.5,gompertz_plus_linear,0.42774
LBE,11,IV.14,9.5,first_order,0.206358
LBE,11,IV.14,9.5,modified_gompertz,0.0834629
LBE,11,IV.14,9.5,logistic,-0.0378364
LBE,11,IV.14,9.5,two_pool_first_order,0.231358
LBE,11,IV.14,9.5,gompertz_plus_linear,0.229483
LBE,11,IV.14,12.5,first_order,0.0869965
LBE,11,IV.14,12.5,modified_gompertz,0.0228546
LBE,11,IV.14,12.5,logistic,-0.0166179
LBE,11,IV.14,12.5,two_pool_first_order,0.0869965
LBE,11,IV.14,12.5,gompertz_plus_linear,0.0245423
LBE,11,IV.15,6.5,first_order,0.0434876
LBE,11,IV.15,6.5,modified_gompertz,7.45334e-07
LBE,11,IV.15,6.5,logistic,0.0115784
LBE,11,IV.15,6.5,two_pool_first_order,0.0433834
LBE,11,IV.15,6.5,gompertz_plus_linear,0.150769
LBE,11,IV.15,9.5,first_order,0.443673
LBE,11,IV.15,9.5,modified_gompertz,1.49819e-07
LBE,11,IV.15,9.5,logistic,0.00164762
LBE,11,IV.15,9.5,two_pool_first_order,0.443673
LBE,11,IV.15,9.5,gompertz_plus_linear,0.10874
LBE,11,IV.15,12.5,first_order,0.315273
LBE,11,IV.15,12.5,modified_gompertz,7.86872e-08
LBE,11,IV.15,12.5,logistic,0.000887461
LBE,11,IV.15,12.5,two_pool_first_order,0.314982
LBE,11,IV.15,12.5,gompertz_plus_linear,0.0567231
LBE,11,IV.2,6.5,first_order,-0.00115689
LBE,11,IV.2,6.5,modified_gompertz,-0.0207332
LBE,11,IV.2,6.5,logistic,-0.0254631
LBE,11,IV.2,6.5,two_pool_first_order,0.010488
LBE,11,IV.2,6.5,gompertz_plus_linear,0.239047
LBE,11,IV.2,9.5,first_order,-0.000511031
LBE,11,IV.2,9.5,modified_gompertz,-0.0118815
LBE,11,IV.2,9.5,logistic,-0.0148487
LBE,11,IV.2,9.5,two_pool_first_order,0.00490203
LBE,11,IV.2,9.5,gompertz_plus_linear,0.0658112
LBE,11,IV.2,12.5,first_order,-0.000342231
LBE,11,IV.2,12.5,modified_gompertz,-0.00830608
LBE,11,IV.2,12.5,logistic,-0.0104547
LBE,11,IV.2,12.5,two_pool_first_order,0.00313064
LBE,11,IV.2,12.5,gompertz_plus_linear,0.022317
LBE,11,IV.3,6.5,first_order,0.00474764
LBE,11,IV.3,6.5,modified_gompertz,-0.00511526
LBE,11,IV.3,6.5,logistic,-0.0114883
LBE,11,IV.3,6.5,two_pool_first_order,0.00474765
LBE,11,IV.3,6.5,gompertz_plus_linear,0.060096
LBE,11,IV.3,9.5,first_order,0.00288175
LBE,11,IV.3,9.5,modified_gompertz,-0.00321039
LBE,11,IV.3,9.5,logistic,-0.00716837
LBE,11,IV.3,9.5,two_pool_first_order,0.00288175
LBE,11,IV.3,9.5,gompertz_plus_linear,0.0177389
LBE,11,IV.3,12.5,first_order,0.00206945
LBE,11,IV.3,12.5,modified_gompertz,-0.00233846
LBE,11,IV.3,12.5,logistic,-0.005205
LBE,11,IV.3,12.5,two_pool_first_order,0.00206945
LBE,11,IV.3,12.5,gompertz_plus_linear,0.00650494
LBE,11,IV.4,6.5,first_order,-0.0764412
LBE,11,IV.4,6.5,modified_gompertz,0.367179
LBE,11,IV.4,6.5,logistic,0.0465578
LBE,11,IV.4,6.5,two_pool_first_order,-0.0568756
LBE,11,IV.4,6.5,gompertz_plus_linear,0.43496
LBE,11,IV.4,9.5,first_order,0.0404553
LBE,11,IV.4,9.5,modified_gompertz,0.265469
LBE,11,IV.4,9.5,logistic,0.0496284
LBE,11,IV.4,9.5,two_pool_first_order,0.0404553
LBE,11,IV.4,9.5,gompertz_plus_linear,0.321095
LBE,11,IV.4,12.5,first_order,0.0532997
LBE,11,IV.4,12.5,modified_gompertz,0.0337465
LBE,11,IV.4,12.5,logistic,-0.0199669
LBE,11,IV.4,12.5,two_pool_first_order,0.0662713
LBE,11,IV.4,12.5,gompertz_plus_linear,0.0337465
LBE,11,IV.5,6.5,first_order,0.13525
LBE,11,IV.5,6.5,modified_gompertz,0.486637
LBE,11,IV.5,6.5,logistic,0.0133624
LBE,11,IV.5,6.5,two_pool_first_order,0.16679
LBE,11,IV.5,6.5,gompertz_plus_linear,0.946636
LBE,11,IV.5,9.5,first_order,0.197138
LBE,11,IV.5,9.5,modified_gompertz,0.0994887
LBE,11,IV.5,9.5,logistic,-0.0465994
LBE,11,IV.5,9.5,two_pool_first_order,0.223539
LBE,11,IV.5,9.5,gompertz_plus_linear,0.0997078
LBE,11,IV.5,12.5,first_order,0.089484
LBE,11,IV.5,12.5,modified_gompertz,0.00105464
LBE,11,IV.5,12.5,logistic,-0.0432758
LBE,11,IV.5,12.5,two_pool_first_order,0.089484
LBE,11,IV.5,12.5,gompertz_plus_linear,0.00105464
LBE,11,IV.6,6.5,first_order,-0.125568
LBE,11,IV.6,6.5,modified_gompertz,0.23698
LBE,11,IV.6,6.5,logistic,-0.0750968
LBE,11,IV.6,6.5,two_pool_first_order,-0.106889
LBE,11,IV.6,6.5,gompertz_plus_linear,0.357925
LBE,11,IV.6,9.5,first_order,-0.0145327
LBE,11,IV.6,9.5,modified_gompertz,0.217038
LBE,11,IV.6,9.5,logistic,0.0103945
LBE,11,IV.6,9.5,two_pool_first_order,0.00406489
LBE,11,IV.6,9.5,gompertz_plus_linear,0.282063
LBE,11,IV.6,12.5,first_order,0.0148119
LBE,11,IV.6,12.5,modified_gompertz,0.0265644
LBE,11,IV.6,12.5,logistic,-0.0266396
LBE,11,IV.6,12.5,two_pool_first_order,0.0278889
LBE,11,IV.6,12.5,gompertz_plus_linear,0.0263425
LBE,11,IV.7,6.5,first_order,0.125866
LBE,11,IV.7,6.5,modified_gompertz,0.422005
LBE,11,IV.7,6.5,logistic,-0.0267051
LBE,11,IV.7,6.5,two_pool_first_order,0.158506
LBE,11,IV.7,6.5,gompertz_plus_linear,0.924299
LBE,11,IV.7,9.5,first_order,0.193325
LBE,11,IV.7,9.5,modified_gompertz,0.109784
LBE,11,IV.7,9.5,logistic,-0.0393456
LBE,11,IV.7,9.5,two_pool_first_order,0.221023
LBE,11,IV.7,9.5,gompertz_plus_linear,0.118825
LBE,11,IV.7,12.5,first_order,0.100965
LBE,11,IV.7,12.5,modified_gompertz,0.0101665
LBE,11,IV.7,12.5,logistic,-0.0346703
LBE,11,IV.7,12.5,two_pool_first_order,0.100965
LBE,11,IV.7,12.5,gompertz_plus_linear,0.0101665
LBE,11,IV.8,6.5,first_order,-0.00290494
LBE,11,IV.8,6.5,modified_gompertz,0.613142
LBE,11,IV.8,6.5,logistic,0.0845074
LBE,11,IV.8,6.5,two_pool_first_order,0.0239335
LBE,11,IV.8,6.5,gompertz_plus_linear,0.74104
LBE,11,IV.8,9.5,first_order,0.0953146
LBE,11,IV.8,9.5,modified_gompertz,0.140909
LBE,11,IV.8,9.5,logistic,-0.0389178
LBE,11,IV.8,9.5,two_pool_first_order,0.120227
LBE,11,IV.8,9.5,gompertz_plus_linear,0.144229
LBE,11,IV.8,12.5,first_order,0.0820235
LBE,11,IV.8,12.5,modified_gompertz,0.00809882
LBE,11,IV.8,12.5,logistic,-0.0416714
LBE,11,IV.8,12.5,two_pool_first_order,0.0971746
LBE,11,IV.8,12.5,gompertz_plus_linear,0.00809882
LBE,11,IV.9,6.5,first_order,0.261549
LBE,11,IV.9,6.5,modified_gompertz,0.299983
LBE,11,IV.9,6.5,logistic,-0.0746026
LBE,11,IV.9,6.5,two_pool_first_order,0.300552
LBE,11,IV.9,6.5,gompertz_plus_linear,1.05689
LBE,11,IV.9,9.5,first_order,0.232304
LBE,11,IV.9,9.5,modified_gompertz,0.000903897
LBE,11,IV.9,9.5,logistic,-0.102129
LBE,11,IV.9,9.5,two_pool_first_order,0.232304
LBE,11,IV.9,9.5,gompertz_plus_linear,0.000903902
LBE,11,IV.9,12.5,first_order,0.0530103
LBE,11,IV.9,12.5,modified_gompertz,-0.0285773
LBE,11,IV.9,12.5,logistic,-0.0667366
LBE,11,IV.9,12.5,two_pool_first_order,0.0530103
LBE,11,IV.9,12.5,gompertz_plus_linear,-0.0285773
LBE,12,IV.1,6.5,first_order,0.249912
LBE,12,IV.1,6.5,modified_gompertz,0.122201
LBE,12,IV.1,6.5,logistic,-0.323447
LBE,12,IV.1,6.5,two_pool_first_order,0.294069
LBE,12,IV.1,6.5,gompertz_plus_linear,1.65232
LBE,12,IV.1,9.5,first_order,0.267529
LBE,12,IV.1,9.5,modified_gompertz,-0.184404
LBE,12,IV.1,9.5,logistic,-0.33791
LBE,12,IV.1,9.5,two_pool_first_order,0.299392
LBE,12,IV.1,9.5,gompertz_plus_linear,-0.122785
LBE,12,IV.1,12.5,first_order,0.0154435
LBE,12,IV.1,12.5,modified_gompertz,-0.220765
LBE,12,IV.1,12.5,logistic,-0.297866
LBE,12,IV.1,12.5,two_pool_first_order,0.0154436
LBE,12,IV.1,12.5,gompertz_plus_linear,-0.220765
LBE,12,IV.10,6.5,first_order,0.639105
LBE,12,IV.10,6.5,modified_gompertz,0.0169537
LBE,12,IV.10,6.5,logistic,-0.275529
LBE,12,IV.10,6.5,two_pool_first_order,0.726087
LBE,12,IV.10,6.5,gompertz_plus_linear,2.03732
LBE,12,IV.10,9.5,first_order,0.486642
LBE,12,IV.10,9.5,modified_gompertz,-0.062375
LBE,12,IV.10,9.5,logistic,-0.195375
LBE,12,IV.10,9.5,two_pool_first_order,0.486642
LBE,12,IV.10,9.5,gompertz_plus_linear,0.0767297
LBE,12,IV.10,12.5,first_order,0.14583
LBE,12,IV.10,12.5,modified_gompertz,-0.0965642
LBE,12,IV.10,12.5,logistic,-0.16086
LBE,12,IV.10,12.5,two_pool_first_order,0.14583
LBE,12,IV.10,12.5,gompertz_plus_linear,-0.0965642
LBE,12,IV.11,6.5,first_order,0.423317
LBE,12,IV.11,6.5,modified_gompertz,-0.121866
LBE,12,IV.11,6.5,logistic,-0.368623
LBE,12,IV.11,6.5,two_pool_first_order,0.500318
LBE,12,IV.11,6.5,gompertz_plus_linear,1.48731
LBE,12,IV.11,9.5,first_order,0.429863
LBE,12,IV.11,9.5,modified_gompertz,-0.0915711
LBE,12,IV.11,9.5,logistic,-0.244793
LBE,12,IV.11,9.5,two_pool_first_order,0.442736
LBE,12,IV.11,9.5,gompertz_plus_linear,0.168863
LBE,12,IV.11,12.5,first_order,0.161241
LBE,12,IV.11,12.5,modified_gompertz,-0.104221
LBE,12,IV.11,12.5,logistic,-0.186611
LBE,12,IV.11,12.5,two_pool_first_order,0.161241
LBE,12,IV.11,12.5,gompertz_plus_linear,-0.040945
LBE,12,IV.12,6.5,first_order,0.476762
LBE,12,IV.12,6.5,modified_gompertz,0.0308847
LBE,12,IV.12,6.5,logistic,-0.302431
LBE,12,IV.12,6.5,two_pool_first_order,0.544975
LBE,12,IV.12,6.5,gompertz_plus_linear,1.76029
LBE,12,IV.12,9.5,first_order,0.514757
LBE,12,IV.12,9.5,modified_gompertz,0.0585179
LBE,12,IV.12,9.5,logistic,-0.157143
LBE,12,IV.12,9.5,two_pool_first_order,0.576738
LBE,12,IV.12,9.5,gompertz_plus_linear,0.31519
LBE,12,IV.12,12.5,first_order,0.253408
LBE,12,IV.12,12.5,modified_gompertz,-0.0462157
LBE,12,IV.12,12.5,logistic,-0.138695
LBE,12,IV.12,12.5,two_pool_first_order,0.253408
LBE,12,IV.12,12.5,gompertz_plus_linear,-0.0462157
LBE,12,IV.13,6.5,first_order,0.605695
LBE,12,IV.13,6.5,modified_gompertz,0.0331422
LBE,12,IV.13,6.5,logistic,-0.271554
LBE,12,IV.13,6.5,two_pool_first_order,0.693526
LBE,12,IV.13,6.5,gompertz_plus_linear,1.86549
LBE,12,IV.13,9.5,first_order,0.575859
LBE,12,IV.13,9.5,modified_gompertz,0.000763051
LBE,12,IV.13,9.5,logistic,-0.162368
LBE,12,IV.13,9.5,two_pool_first_order,0.575859
LBE,12,IV.13,9.5,gompertz_plus_linear,0.2032
LBE,12,IV.13,12.5,first_order,0.193701
LBE,12,IV.13,12.5,modified_gompertz,-0.0636711
LBE,12,IV.13,12.5,logistic,-0.137606
LBE,12,IV.13,12.5,two_pool_first_order,0.193701
LBE,12,IV.13,12.5,gompertz_plus_linear,-0.0636711
LBE,12,IV.14,6.5,first_order,0.779395
LBE,12,IV.14,6.5,modified_gompertz,-0.0365179
LBE,12,IV.14,6.5,logistic,-0.262595
LBE,12,IV.14,6.5,two_pool_first_order,0.884745
LBE,12,IV.14,6.5,gompertz_plus_linear,1.70828
LBE,12,IV.14,9.5,first_order,0.400316
LBE,12,IV.14,9.5,modified_gompertz,-0.0639611
LBE,12,IV.14,9.5,logistic,-0.173659
LBE,12,IV.14,9.5,two_pool_first_order,0.400316
LBE,12,IV.14,9.5,gompertz_plus_linear,0.0897081
LBE,12,IV.14,12.5,first_order,0.103386
LBE,12,IV.14,12.5,modified_gompertz,-0.0980817
LBE,12,IV.14,12.5,logistic,-0.150106
LBE,12,IV.14,12.5,two_pool_first_order,0.103386
LBE,12,IV.14,12.5,gompertz_plus_linear,-0.0980817
LBE,12,IV.15,6.5,first_order,0.73781
LBE,12,IV.15,6.5,modified_gompertz,-0.0204326
LBE,12,IV.15,6.5,logistic,-0.267361
LBE,12,IV.15,6.5,two_pool_first_order,0.837961
LBE,12,IV.15,6.5,gompertz_plus_linear,1.29163
LBE,12,IV.15,9.5,first_order,0.361568
LBE,12,IV.15,9.5,modified_gompertz,-0.107795
LBE,12,IV.15,9.5,logistic,-0.207741
LBE,12,IV.15,9.5,two_pool_first_order,0.361568
LBE,12,IV.15,9.5,gompertz_plus_linear,-0.0688588
LBE,12,IV.15,12.5,first_order,0.0659999
LBE,12,IV.15,12.5,modified_gompertz,-0.133865
LBE,12,IV.15,12.5,logistic,-0.182277
LBE,12,IV.15,12.5,two_pool_first_order,0.0659999
LBE,12,IV.15,12.5,gompertz_plus_linear,-0.133865
LBE,12,IV.2,6.5,first_order,-0.00797842
LBE,12,IV.2,6.5,modified_gompertz,-0.0554433
LBE,12,IV.2,6.5,logistic,-0.0630476
LBE,12,IV.2,6.5,two_pool_first_order,-0.00797843
LBE,12,IV.2,6.5,gompertz_plus_linear,0.0381797
LBE,12,IV.2,9.5,first_order,-0.00228596
LBE,12,IV.2,9.5,modified_gompertz,-0.0316033
LBE,12,IV.2,9.5,logistic,-0.0374333
LBE,12,IV.2,9.5,two_pool_first_order,-0.00228596
LBE,12,IV.2,9.5,gompertz_plus_linear,0.148627
LBE,12,IV.2,12.5,first_order,-0.00127285
LBE,12,IV.2,12.5,modified_gompertz,-0.0217388
LBE,12,IV.2,12.5,logistic,-0.0263069
LBE,12,IV.2,12.5,two_pool_first_order,-0.00127284
LBE,12,IV.2,12.5,gompertz_plus_linear,0.08691
LBE,12,IV.3,6.5,first_order,0.190717
LBE,12,IV.3,6.5,modified_gompertz,-0.291889
LBE,12,IV.3,6.5,logistic,-0.364734
LBE,12,IV.3,6.5,two_pool_first_order,0.190717
LBE,12,IV.3,6.5,gompertz_plus_linear,0.637004
LBE,12,IV.3,9.5,first_order,0.18237
LBE,12,IV.3,9.5,modified_gompertz,-0.117817
LBE,12,IV.3,9.5,logistic,-0.188454
LBE,12,IV.3,9.5,two_pool_first_order,0.18237
LBE,12,IV.3,9.5,gompertz_plus_linear,0.481957
LBE,12,IV.3,12.5,first_order,0.217876
LBE,12,IV.3,12.5,modified_gompertz,0.0176589
LBE,12,IV.3,12.5,logistic,-0.0411663
LBE,12,IV.3,12.5,two_pool_first_order,0.310585
LBE,12,IV.3,12.5,gompertz_plus_linear,0.44325
LBE,12,IV.4,6.5,first_order,0.691881
LBE,12,IV.4,6.5,modified_gompertz,-0.271241
LBE,12,IV.4,6.5,logistic,-0.382762
LBE,12,IV.4,6.5,two_pool_first_order,0.755038
LBE,12,IV.4,6.5,gompertz_plus_linear,-0.0475668
LBE,12,IV.4,9.5,first_order,-0.00491294
LBE,12,IV.4,9.5,modified_gompertz,-0.287868
LBE,12,IV.4,9.5,logistic,-0.334856
LBE,12,IV.4,9.5,two_pool_first_order,-0.00491292
LBE,12,IV.4,9.5,gompertz_plus_linear,-0.219693
LBE,12,IV.4,12.5,first_order,-0.0897936
LBE,12,IV.4,12.5,modified_gompertz,-0.239455
LBE,12,IV.4,12.5,logistic,-0.273617
LBE,12,IV.4,12.5,two_pool_first_order,-0.0897936
LBE,12,IV.4,12.5,gompertz_plus_linear,-0.0592626
LBE,12,IV.5,6.5,first_order,0.310097
LBE,12,IV.5,6.5,modified_gompertz,-0.361257
LBE,12,IV.5,6.5,logistic,-0.442053
LBE,12,IV.5,6.5,two_pool_first_order,0.310098
LBE,12,IV.5,6.5,gompertz_plus_linear,-0.147221
LBE,12,IV.5,9.5,first_order,-0.170429
LBE,12,IV.5,9.5,modified_gompertz,-0.367945
LBE,12,IV.5,9.5,logistic,-0.402724
LBE,12,IV.5,9.5,two_pool_first_order,-0.170429
LBE,12,IV.5,9.5,gompertz_plus_linear,-0.304206
LBE,12,IV.5,12.5,first_order,-0.222909
LBE,12,IV.5,12.5,modified_gompertz,-0.330416
LBE,12,IV.5,12.5,logistic,-0.35593
LBE,12,IV.5,12.5,two_pool_first_order,-0.222909
LBE,12,IV.5,12.5,gompertz_plus_linear,-0.176909
LBE,12,IV.6,6.5,first_order,0.485217
LBE,12,IV.6,6.5,modified_gompertz,-0.2072
LBE,12,IV.6,6.5,logistic,-0.291143
LBE,12,IV.6,6.5,two_pool_first_order,0.485217
LBE,12,IV.6,6.5,gompertz_plus_linear,0.0580429
LBE,12,IV.6,9.5,first_order,0.0404997
LBE,12,IV.6,9.5,modified_gompertz,-0.187672
LBE,12,IV.6,9.5,logistic,-0.228733
LBE,12,IV.6,9.5,two_pool_first_order,0.0404997
LBE,12,IV.6,9.5,gompertz_plus_linear,-0.0162039
LBE,12,IV.6,12.5,first_order,-0.0259292
LBE,12,IV.6,12.5,modified_gompertz,-0.147433
LBE,12,IV.6,12.5,logistic,-0.175971
LBE,12,IV.6,12.5,two_pool_first_order,-0.0259292
LBE,12,IV.6,12.5,gompertz_plus_linear,0.0324433
LBE,12,IV.7,6.5,first_order,0.600545
LBE,12,IV.7,6.5,modified_gompertz,-0.157493
LBE,12,IV.7,6.5,logistic,-0.241392
LBE,12,IV.7,6.5,two_pool_first_order,0.600545
LBE,12,IV.7,6.5,gompertz_plus_linear,-0.157493
LBE,12,IV.7,9.5,first_order,0.0657378
LBE,12,IV.7,9.5,modified_gompertz,-0.155784
LBE,12,IV.7,9.5,logistic,-0.192994
LBE,12,IV.7,9.5,two_pool_first_order,0.0657378
LBE,12,IV.7,9.5,gompertz_plus_linear,-0.0739959
LBE,12,IV.7,12.5,first_order,-0.00554819
LBE,12,IV.7,12.5,modified_gompertz,-0.122079
LBE,12,IV.7,12.5,logistic,-0.147945
LBE,12,IV.7,12.5,two_pool_first_order,-0.00554819
LBE,12,IV.7,12.5,gompertz_plus_linear,0.0409392
LBE,12,IV.8,6.5,first_order,0.330749
LBE,12,IV.8,6.5,modified_gompertz,-0.340859
LBE,12,IV.8,6.5,logistic,-0.414447
LBE,12,IV.8,6.5,two_pool_first_order,0.33075
LBE,12,IV.8,6.5,gompertz_plus_linear,-0.28161
LBE,12,IV.8,9.5,first_order,-0.141471
LBE,12,IV.8,9.5,modified_gompertz,-0.338291
LBE,12,IV.8,9.5,logistic,-0.37123
LBE,12,IV.8,9.5,two_pool_first_order,-0.141471
LBE,12,IV.8,9.5,gompertz_plus_linear,-0.262309
LBE,12,IV.8,12.5,first_order,-0.193955
LBE,12,IV.8,12.5,modified_gompertz,-0.301023
LBE,12,IV.8,12.5,logistic,-0.325378
LBE,12,IV.8,12.5,two_pool_first_order,-0.193955
LBE,12,IV.8,12.5,gompertz_plus_linear,-0.136504
LBE,12,IV.9,6.5,first_order,0.395376
LBE,12,IV.9,6.5,modified_gompertz,-0.304683
LBE,12,IV.9,6.5,logistic,-0.45138
LBE,12,IV.9,6.5,two_pool_first_order,0.487655
LBE,12,IV.9,6.5,gompertz_plus_linear,-0.00714564
LBE,12,IV.9,9.5,first_order,-0.0583864
LBE,12,IV.9,9.5,modified_gompertz,-0.366184
LBE,12,IV.9,9.5,logistic,-0.419371
LBE,12,IV.9,9.5,two_pool_first_order,-0.0583864
LBE,12,IV.9,9.5,gompertz_plus_linear,-0.366184
LBE,12,IV.9,12.5,first_order,-0.167118
LBE,12,IV.9,12.5,modified_gompertz,-0.324722
LBE,12,IV.9,12.5,logistic,-0.361807
LBE,12,IV.9,12.5,two_pool_first_order,-0.167118
LBE,12,IV.9,12.5,gompertz_plus_linear,-0.186703
BRL,14,II.10,6.5,persistence,-0.208506425
BRL,14,II.10,6.5,recent_rate,0.619336294
BRL,14,II.10,9.5,persistence,-0.148632982
BRL,14,II.10,9.5,recent_rate,0.110460341
BRL,14,II.10,12.5,persistence,-0.113129166
BRL,14,II.10,12.5,recent_rate,0.0441140955
BRL,14,II.11,6.5,persistence,-0.210923741
BRL,14,II.11,6.5,recent_rate,0.570975366
BRL,14,II.11,9.5,persistence,-0.147330583
BRL,14,II.11,9.5,recent_rate,0.144399411
BRL,14,II.11,12.5,persistence,-0.110684905
BRL,14,II.11,12.5,recent_rate,0.0456804427
BRL,14,II.12,6.5,persistence,-0.221922947
BRL,14,II.12,6.5,recent_rate,0.921348178
BRL,14,II.12,9.5,persistence,-0.149175124
BRL,14,II.12,9.5,recent_rate,0.150473761
BRL,14,II.12,12.5,persistence,-0.111851282
BRL,14,II.12,12.5,recent_rate,0.0478572476
BRL,14,II.13,6.5,persistence,-0.238174938
BRL,14,II.13,6.5,recent_rate,0.961595107
BRL,14,II.13,9.5,persistence,-0.161184689
BRL,14,II.13,9.5,recent_rate,0.200135352
BRL,14,II.13,12.5,persistence,-0.117571436
BRL,14,II.13,12.5,recent_rate,0.075385194
BRL,14,II.14,6.5,persistence,-0.259370385
BRL,14,II.14,6.5,recent_rate,1.02781674
BRL,14,II.14,9.5,persistence,-0.169991327
BRL,14,II.14,9.5,recent_rate,0.25430112
BRL,14,II.14,12.5,persistence,-0.120695717
BRL,14,II.14,12.5,recent_rate,0.0907275949
BRL,14,II.15,6.5,persistence,-0.241976517
BRL,14,II.15,6.5,recent_rate,0.883896772
BRL,14,II.15,9.5,persistence,-0.15464775
BRL,14,II.15,9.5,recent_rate,0.203494129
BRL,14,II.15,12.5,persistence,-0.111815069
BRL,14,II.15,12.5,recent_rate,0.070496575
BRL,14,II.4,6.5,persistence,-0.222983965
BRL,14,II.4,6.5,recent_rate,0.186962585
BRL,14,II.4,9.5,persistence,-0.196607019
BRL,14,II.4,9.5,recent_rate,-0.112944457
BRL,14,II.4,12.5,persistence,-0.190680921
BRL,14,II.4,12.5,recent_rate,-0.16105043
BRL,14,II.5,6.5,persistence,-0.699500194
BRL,14,II.5,6.5,recent_rate,-0.129615289
BRL,14,II.5,9.5,persistence,-0.624898807
BRL,14,II.5,9.5,recent_rate,-0.142444828
BRL,14,II.5,12.5,persistence,-0.540829256
BRL,14,II.5,12.5,recent_rate,-0.175477807
BRL,14,II.6,6.5,persistence,-0.589615468
BRL,14,II.6,6.5,recent_rate,0.306689616
BRL,14,II.6,9.5,persistence,-0.449372483
BRL,14,II.6,9.5,recent_rate,0.584501747
BRL,14,II.6,12.5,persistence,-0.222831264
BRL,14,II.6,12.5,recent_rate,0.71343104
BRL,14,II.7,6.5,persistence,-0.231262092
BRL,14,II.7,6.5,recent_rate,0.660870874
BRL,14,II.7,9.5,persistence,-0.155858187
BRL,14,II.7,9.5,recent_rate,0.182718159
BRL,14,II.7,12.5,persistence,-0.110731425
BRL,14,II.7,12.5,recent_rate,0.0874645089
BRL,14,II.8,6.5,persistence,-0.228650407
BRL,14,II.8,6.5,recent_rate,0.534100637
BRL,14,II.8,9.5,persistence,-0.162748599
BRL,14,II.8,9.5,recent_rate,0.136060083
BRL,14,II.8,12.5,persistence,-0.123241762
BRL,14,II.8,12.5,recent_rate,0.0480809221
BRL,14,II.9,6.5,persistence,-0.229013114
BRL,14,II.9,6.5,recent_rate,1.1043601
BRL,14,II.9,9.5,persistence,-0.157605054
BRL,14,II.9,9.5,recent_rate,0.143498133
BRL,14,II.9,12.5,persistence,-0.116923519
BRL,14,II.9,12.5,recent_rate,0.0562242746
LBE,1,IV.1,6.5,persistence,-0.60220012
LBE,1,IV.1,6.5,recent_rate,-0.174372653
LBE,1,IV.1,9.5,persistence,-0.362984763
LBE,1,IV.1,9.5,recent_rate,0.0182335105
LBE,1,IV.1,12.5,persistence,-0.0898313226
LBE,1,IV.1,12.5,recent_rate,0.0119223278
LBE,1,IV.10,6.5,persistence,-0.57393784
LBE,1,IV.10,6.5,recent_rate,-0.0883545228
LBE,1,IV.10,9.5,persistence,-0.309787804
LBE,1,IV.10,9.5,recent_rate,0.0935903363
LBE,1,IV.10,12.5,persistence,-0.0661040128
LBE,1,IV.10,12.5,recent_rate,0.0180410534
LBE,1,IV.11,6.5,persistence,-0.570802616
LBE,1,IV.11,6.5,recent_rate,-0.0781477756
LBE,1,IV.11,9.5,persistence,-0.304540372
LBE,1,IV.11,9.5,recent_rate,0.104801225
LBE,1,IV.11,12.5,persistence,-0.0626384618
LBE,1,IV.11,12.5,recent_rate,0.0197572153
LBE,1,IV.12,6.5,persistence,-0.581493213
LBE,1,IV.12,6.5,recent_rate,-0.107442602
LBE,1,IV.12,9.5,persistence,-0.31963096
LBE,1,IV.12,9.5,recent_rate,0.0854721851
LBE,1,IV.12,12.5,persistence,-0.0710203827
LBE,1,IV.12,12.5,recent_rate,0.015682033
LBE,1,IV.13,6.5,persistence,-0.554766858
LBE,1,IV.13,6.5,recent_rate,-0.0195496812
LBE,1,IV.13,9.5,persistence,-0.274570981
LBE,1,IV.13,9.5,recent_rate,0.126678126
LBE,1,IV.13,12.5,persistence,-0.0486394599
LBE,1,IV.13,12.5,recent_rate,0.0242787185
LBE,1,IV.14,6.5,persistence,-0.565633043
LBE,1,IV.14,6.5,recent_rate,-0.049134217
LBE,1,IV.14,9.5,persistence,-0.290791335
LBE,1,IV.14,9.5,recent_rate,0.11966522
LBE,1,IV.14,12.5,persistence,-0.0560125907
LBE,1,IV.14,12.5,recent_rate,0.022039388
LBE,1,IV.15,6.5,persistence,-0.570638601
LBE,1,IV.15,6.5,recent_rate,-0.055138489
LBE,1,IV.15,9.5,persistence,-0.298155412
LBE,1,IV.15,9.5,recent_rate,0.113069935
LBE,1,IV.15,12.5,persistence,-0.0591521179
LBE,1,IV.15,12.5,recent_rate,0.0208016952
LBE,1,IV.2,6.5,persistence,-0.605295331
LBE,1,IV.2,6.5,recent_rate,-0.176663335
LBE,1,IV.2,9.5,persistence,-0.363799507
LBE,1,IV.2,9.5,recent_rate,0.0141815983
LBE,1,IV.2,12.5,persistence,-0.090949877
LBE,1,IV.2,12.5,recent_rate,0.0102407331
LBE,1,IV.3,6.5,persistence,-0.60467662
LBE,1,IV.3,6.5,recent_rate,-0.204579617
LBE,1,IV.3,9.5,persistence,-0.379292299
LBE,1,IV.3,9.5,recent_rate,-0.0119567419
LBE,1,IV.3,12.5,persistence,-0.0978075414
LBE,1,IV.3,12.5,recent_rate,0.00990213076
LBE,1,IV.4,6.5,persistence,-0.588626359
LBE,1,IV.4,6.5,recent_rate,-0.115905862
LBE,1,IV.4,9.5,persistence,-0.330229411
LBE,1,IV.4,9.5,recent_rate,0.0761457438
LBE,1,IV.4,12.5,persistence,-0.0709838921
LBE,1,IV.4,12.5,recent_rate,0.0202637085
LBE,1,IV.6,6.5,persistence,-0.592384007
LBE,1,IV.6,6.5,recent_rate,-0.120812432
LBE,1,IV.6,9.5,persistence,-0.326514235
LBE,1,IV.6,9.5,recent_rate,0.0881259265
LBE,1,IV.6,12.5,persistence,-0.0725350566
LBE,1,IV.6,12.5,recent_rate,0.0169589206
LBE,1,IV.7,6.5,persistence,-0.569981494
LBE,1,IV.7,6.5,recent_rate,-0.0667091641
LBE,1,IV.7,9.5,persistence,-0.294849093
LBE,1,IV.7,9.5,recent_rate,0.117666531
LBE,1,IV.7,12.5,persistence,-0.057546161
LBE,1,IV.7,12.5,recent_rate,0.0215814768
LBE,1,IV.9,6.5,persistence,-0.59118337
LBE,1,IV.9,6.5,recent_rate,-0.116929041
LBE,1,IV.9,9.5,persistence,-0.323241732
LBE,1,IV.9,9.5,recent_rate,0.0844224973
LBE,1,IV.9,12.5,persistence,-0.0685505148
LBE,1,IV.9,12.5,recent_rate,0.0206149752
LBE,3,IV.1,6.5,persistence,-0.4535686
LBE,3,IV.1,6.5,recent_rate,0.480851921
LBE,3,IV.1,9.5,persistence,-0.33677588
LBE,3,IV.1,9.5,recent_rate,0.0285580839
LBE,3,IV.1,12.5,persistence,-0.231934044
LBE,3,IV.1,12.5,recent_rate,0.0761542855
LBE,3,IV.10,6.5,persistence,-0.472125679
LBE,3,IV.10,6.5,recent_rate,0.4052771
LBE,3,IV.10,9.5,persistence,-0.36059477
LBE,3,IV.10,9.5,recent_rate,0.0114561174
LBE,3,IV.10,12.5,persistence,-0.256884324
LBE,3,IV.10,12.5,recent_rate,0.0421582137
LBE,3,IV.11,6.5,persistence,-0.460908037
LBE,3,IV.11,6.5,recent_rate,0.305650313
LBE,3,IV.11,9.5,persistence,-0.368914556
LBE,3,IV.11,9.5,recent_rate,-0.0405994483
LBE,3,IV.11,12.5,persistence,-0.274559051
LBE,3,IV.11,12.5,recent_rate,0.00136565287
LBE,3,IV.12,6.5,persistence,-0.459481414
LBE,3,IV.12,6.5,recent_rate,0.35338863
LBE,3,IV.12,9.5,persistence,-0.359056636
LBE,3,IV.12,9.5,recent_rate,-0.00948381962
LBE,3,IV.12,12.5,persistence,-0.262601949
LBE,3,IV.12,12.5,recent_rate,0.0154158142
LBE,3,IV.13,6.5,persistence,-0.487908406
LBE,3,IV.13,6.5,recent_rate,0.281166814
LBE,3,IV.13,9.5,persistence,-0.393443146
LBE,3,IV.13,9.5,recent_rate,-0.0523059124
LBE,3,IV.13,12.5,persistence,-0.29419408
LBE,3,IV.13,12.5,recent_rate,-0.00188573265
LBE,3,IV.14,6.5,persistence,-0.466096763
LBE,3,IV.14,6.5,recent_rate,0.22770758
LBE,3,IV.14,9.5,persistence,-0.380748615
LBE,3,IV.14,9.5,recent_rate,-0.0743996367
LBE,3,IV.14,12.5,persistence,-0.292385964
LBE,3,IV.14,12.5,recent_rate,-0.0308035917
LBE,3,IV.15,6.5,persistence,-0.479877615
LBE,3,IV.15,6.5,recent_rate,0.252727966
LBE,3,IV.15,9.5,persistence,-0.390933562
LBE,3,IV.15,9.5,recent_rate,-0.0731173529
LBE,3,IV.15,12.5,persistence,-0.302615876
LBE,3,IV.15,12.5,recent_rate,-0.0410918366
LBE,3,IV.2,6.5,persistence,-0.438760696
LBE,3,IV.2,6.5,recent_rate,0.533049112
LBE,3,IV.2,9.5,persistence,-0.323233777
LBE,3,IV.2,9.5,recent_rate,0.0130571781
LBE,3,IV.2,12.5,persistence,-0.228747692
LBE,3,IV.2,12.5,recent_rate,0.0518873637
LBE,3,IV.3,6.5,persistence,-0.445344451
LBE,3,IV.3,6.5,recent_rate,0.566667706
LBE,3,IV.3,9.5,persistence,-0.320974382
LBE,3,IV.3,9.5,recent_rate,0.0329989757
LBE,3,IV.3,12.5,persistence,-0.225506903
LBE,3,IV.3,12.5,recent_rate,0.0543313124
LBE,3,IV.4,6.5,persistence,-0.463954814
LBE,3,IV.4,6.5,recent_rate,0.270830942
LBE,3,IV.4,9.5,persistence,-0.372346301
LBE,3,IV.4,9.5,recent_rate,-0.0359557326
LBE,3,IV.4,12.5,persistence,-0.277541413
LBE,3,IV.4,12.5,recent_rate,-0.000556231082
LBE,3,IV.5,6.5,persistence,-0.455096724
LBE,3,IV.5,6.5,recent_rate,0.3588264
LBE,3,IV.5,9.5,persistence,-0.356549144
LBE,3,IV.5,9.5,recent_rate,-0.0141225302
LBE,3,IV.5,12.5,persistence,-0.258618283
LBE,3,IV.5,12.5,recent_rate,0.0288032985
LBE,3,IV.6,6.5,persistence,-0.463993949
LBE,3,IV.6,6.5,recent_rate,0.332330812
LBE,3,IV.6,9.5,persistence,-0.369893682
LBE,3,IV.6,9.5,recent_rate,-0.0331942847
LBE,3,IV.6,12.5,persistence,-0.274102349
LBE,3,IV.6,12.5,recent_rate,0.00704253594
LBE,3,IV.7,6.5,persistence,-0.476561023
LBE,3,IV.7,6.5,recent_rate,0.228284259
LBE,3,IV.7,9.5,persistence,-0.382214152
LBE,3,IV.7,9.5,recent_rate,-0.0258608208
LBE,3,IV.7,12.5,persistence,-0.28275184
LBE,3,IV.7,12.5,recent_rate,0.0015005972
LBE,3,IV.8,6.5,persistence,-0.45157477
LBE,3,IV.8,6.5,recent_rate,0.268701156
LBE,3,IV.8,9.5,persistence,-0.362880435
LBE,3,IV.8,9.5,recent_rate,-0.0427576074
LBE,3,IV.8,12.5,persistence,-0.271254748
LBE,3,IV.8,12.5,recent_rate,-0.00458547197
LBE,3,IV.9,6.5,persistence,-0.455144145
LBE,3,IV.9,6.5,recent_rate,0.334515672
LBE,3,IV.9,9.5,persistence,-0.359034052
LBE,3,IV.9,9.5,recent_rate,-0.0169764098
LBE,3,IV.9,12.5,persistence,-0.266147906
LBE,3,IV.9,12.5,recent_rate,0.00150721135
LBE,9,IV.1,6.5,persistence,-0.61616611
LBE,9,IV.1,6.5,recent_rate,0.776087026
LBE,9,IV.1,9.5,persistence,-0.512096219
LBE,9,IV.1,9.5,recent_rate,0.237534502
LBE,9,IV.1,12.5,persistence,-0.428204498
LBE,9,IV.1,12.5,recent_rate,0.181271123
LBE,9,IV.10,6.5,persistence,-0.676360962
LBE,9,IV.10,6.5,recent_rate,0.679313128
LBE,9,IV.10,9.5,persistence,-0.576209697
LBE,9,IV.10,9.5,recent_rate,0.0617779185
LBE,9,IV.10,12.5,persistence,-0.517300966
LBE,9,IV.10,12.5,recent_rate,-0.123066254
LBE,9,IV.11,6.5,persistence,-0.600720285
LBE,9,IV.11,6.5,recent_rate,0.569926419
LBE,9,IV.11,9.5,persistence,-0.52923683
LBE,9,IV.11,9.5,recent_rate,-0.0380467914
LBE,9,IV.11,12.5,persistence,-0.474582264
LBE,9,IV.11,12.5,recent_rate,-0.0862194717
LBE,9,IV.12,6.5,persistence,-0.576721285
LBE,9,IV.12,6.5,recent_rate,0.511340705
LBE,9,IV.12,9.5,persistence,-0.506061829
LBE,9,IV.12,9.5,recent_rate,0.0175115006
LBE,9,IV.12,12.5,persistence,-0.447154734
LBE,9,IV.12,12.5,recent_rate,-0.0111564014
LBE,9,IV.13,6.5,persistence,-0.602818295
LBE,9,IV.13,6.5,recent_rate,0.199168365
LBE,9,IV.13,9.5,persistence,-0.548015232
LBE,9,IV.13,9.5,recent_rate,-0.147978078
LBE,9,IV.13,12.5,persistence,-0.50066088
LBE,9,IV.13,12.5,recent_rate,-0.155613555
LBE,9,IV.14,6.5,persistence,-0.604673957
LBE,9,IV.14,6.5,recent_rate,0.175311607
LBE,9,IV.14,9.5,persistence,-0.547475097
LBE,9,IV.14,9.5,recent_rate,-0.112065486
LBE,9,IV.14,12.5,persistence,-0.495515509
LBE,9,IV.14,12.5,recent_rate,-0.115054244
LBE,9,IV.15,6.5,persistence,-0.601108967
LBE,9,IV.15,6.5,recent_rate,0.367063511
LBE,9,IV.15,9.5,persistence,-0.541811679
LBE,9,IV.15,9.5,recent_rate,-0.129179873
LBE,9,IV.15,12.5,persistence,-0.495790856
LBE,9,IV.15,12.5,recent_rate,-0.166819578
LBE,9,IV.2,6.5,persistence,-0.538755555
LBE,9,IV.2,6.5,recent_rate,1.12261201
LBE,9,IV.2,9.5,persistence,-0.426201543
LBE,9,IV.2,9.5,recent_rate,0.35905076
LBE,9,IV.2,12.5,persistence,-0.345221869
LBE,9,IV.2,12.5,recent_rate,0.206858786
LBE,9,IV.3,6.5,persistence,-0.561065563
LBE,9,IV.3,6.5,recent_rate,-0.45599474
LBE,9,IV.3,9.5,persistence,-0.323895002
LBE,9,IV.3,9.5,recent_rate,1.62058736
LBE,9,IV.3,12.5,persistence,-0.239916975
LBE,9,IV.3,12.5,recent_rate,0.143146727
LBE,9,IV.4,6.5,persistence,-0.569998435
LBE,9,IV.4,6.5,recent_rate,0.708184081
LBE,9,IV.4,9.5,persistence,-0.494463841
LBE,9,IV.4,9.5,recent_rate,0.00706364188
LBE,9,IV.4,12.5,persistence,-0.440726578
LBE,9,IV.4,12.5,recent_rate,-0.0673053571
LBE,9,IV.5,6.5,persistence,-0.566712406
LBE,9,IV.5,6.5,recent_rate,0.690924959
LBE,9,IV.5,9.5,persistence,-0.485560913
LBE,9,IV.5,9.5,recent_rate,0.0929992763
LBE,9,IV.5,12.5,persistence,-0.423809323
LBE,9,IV.5,12.5,recent_rate,0.00266503855
LBE,9,IV.6,6.5,persistence,-0.599702283
LBE,9,IV.6,6.5,recent_rate,0.480782547
LBE,9,IV.6,9.5,persistence,-0.530990604
LBE,9,IV.6,9.5,recent_rate,-0.0392213706
LBE,9,IV.6,12.5,persistence,-0.477560652
LBE,9,IV.6,12.5,recent_rate,-0.103442391
LBE,9,IV.7,6.5,persistence,-0.60433433
LBE,9,IV.7,6.5,recent_rate,0.21569086
LBE,9,IV.7,9.5,persistence,-0.543601153
LBE,9,IV.7,9.5,recent_rate,-0.090105059
LBE,9,IV.7,12.5,persistence,-0.491431333
LBE,9,IV.7,12.5,recent_rate,-0.108802268
LBE,9,IV.8,6.5,persistence,-0.566490177
LBE,9,IV.8,6.5,recent_rate,0.319406328
LBE,9,IV.8,9.5,persistence,-0.497986124
LBE,9,IV.8,9.5,recent_rate,0.0146265254
LBE,9,IV.8,12.5,persistence,-0.43909601
LBE,9,IV.8,12.5,recent_rate,-0.0119071891
LBE,9,IV.9,6.5,persistence,-0.559033303
LBE,9,IV.9,6.5,recent_rate,0.598537929
LBE,9,IV.9,9.5,persistence,-0.484107094
LBE,9,IV.9,9.5,recent_rate,0.0319750282
LBE,9,IV.9,12.5,persistence,-0.427809579
LBE,9,IV.9,12.5,recent_rate,-0.035521997
LBE,10,IV.1,6.5,persistence,-0.593653869
LBE,10,IV.1,6.5,recent_rate,-0.175232941
LBE,10,IV.1,9.5,persistence,-0.415352612
LBE,10,IV.1,9.5,recent_rate,-0.0366250872
LBE,10,IV.1,12.5,persistence,-0.228649033
LBE,10,IV.1,12.5,recent_rate,-0.0421990694
LBE,10,IV.10,6.5,persistence,-0.554024012
LBE,10,IV.10,6.5,recent_rate,0.0542528975
LBE,10,IV.10,9.5,persistence,-0.344407293
LBE,10,IV.10,9.5,recent_rate,0.0736770096
LBE,10,IV.10,12.5,persistence,-0.156417696
LBE,10,IV.10,12.5,recent_rate,0.0209493472
LBE,10,IV.11,6.5,persistence,-0.578283941
LBE,10,IV.11,6.5,recent_rate,-0.235523721
LBE,10,IV.11,9.5,persistence,-0.445664034
LBE,10,IV.11,9.5,recent_rate,-0.138792318
LBE,10,IV.11,12.5,persistence,-0.249999874
LBE,10,IV.11,12.5,recent_rate,-0.0277623263
LBE,10,IV.12,6.5,persistence,-0.558873766
LBE,10,IV.12,6.5,recent_rate,-9.8411899e-05
LBE,10,IV.12,9.5,persistence,-0.352129168
LBE,10,IV.12,9.5,recent_rate,0.0723073025
LBE,10,IV.12,12.5,persistence,-0.156874769
LBE,10,IV.12,12.5,recent_rate,0.0308576954
LBE,10,IV.13,6.5,persistence,-0.597347591
LBE,10,IV.13,6.5,recent_rate,-0.179198295
LBE,10,IV.13,9.5,persistence,-0.421158957
LBE,10,IV.13,9.5,recent_rate,-0.0264804615
LBE,10,IV.13,12.5,persistence,-0.208701606
LBE,10,IV.13,12.5,recent_rate,0.0124577799
LBE,10,IV.14,6.5,persistence,-0.582999169
LBE,10,IV.14,6.5,recent_rate,-0.0617346886
LBE,10,IV.14,9.5,persistence,-0.386913939
LBE,10,IV.14,9.5,recent_rate,0.0213623913
LBE,10,IV.14,12.5,persistence,-0.180247838
LBE,10,IV.14,12.5,recent_rate,0.0295099996
LBE,10,IV.15,6.5,persistence,-0.613728585
LBE,10,IV.15,6.5,recent_rate,-0.121006477
LBE,10,IV.15,9.5,persistence,-0.409449791
LBE,10,IV.15,9.5,recent_rate,0.025406964
LBE,10,IV.15,12.5,persistence,-0.195428141
LBE,10,IV.15,12.5,recent_rate,0.0146351003
LBE,10,IV.2,6.5,persistence,-0.594096359
LBE,10,IV.2,6.5,recent_rate,-0.300884543
LBE,10,IV.2,9.5,persistence,-0.446250964
LBE,10,IV.2,9.5,recent_rate,-0.0860474889
LBE,10,IV.2,12.5,persistence,-0.232590522
LBE,10,IV.2,12.5,recent_rate,0.000654235591
LBE,10,IV.3,6.5,persistence,-0.542771684
LBE,10,IV.3,6.5,recent_rate,0.143254898
LBE,10,IV.3,9.5,persistence,-0.2181232
LBE,10,IV.3,9.5,recent_rate,0.467621567
LBE,10,IV.3,12.5,persistence,-0.0417083118
LBE,10,IV.3,12.5,recent_rate,0.0590867758
LBE,10,IV.4,6.5,persistence,-0.548176799
LBE,10,IV.4,6.5,recent_rate,-0.24655181
LBE,10,IV.4,9.5,persistence,-0.415185153
LBE,10,IV.4,9.5,recent_rate,-0.0976644178
LBE,10,IV.4,12.5,persistence,-0.224354446
LBE,10,IV.4,12.5,recent_rate,-0.0104284309
LBE,10,IV.5,6.5,persistence,-0.593190391
LBE,10,IV.5,6.5,recent_rate,-0.0682544221
LBE,10,IV.5,9.5,persistence,-0.387754711
LBE,10,IV.5,9.5,recent_rate,0.0413939861
LBE,10,IV.5,12.5,persistence,-0.16861336
LBE,10,IV.5,12.5,recent_rate,0.0533911157
LBE,10,IV.6,6.5,persistence,-0.601250108
LBE,10,IV.6,6.5,recent_rate,-0.269703178
LBE,10,IV.6,9.5,persistence,-0.456576731
LBE,10,IV.6,9.5,recent_rate,-0.111162564
LBE,10,IV.6,12.5,persistence,-0.25398215
LBE,10,IV.6,12.5,recent_rate,-0.0232695997
LBE,10,IV.7,6.5,persistence,-0.617307043
LBE,10,IV.7,6.5,recent_rate,-0.206720019
LBE,10,IV.7,9.5,persistence,-0.442159388
LBE,10,IV.7,9.5,recent_rate,-0.0513607153
LBE,10,IV.7,12.5,persistence,-0.226329608
LBE,10,IV.7,12.5,recent_rate,0.00609353484
LBE,10,IV.8,6.5,persistence,-0.606261004
LBE,10,IV.8,6.5,recent_rate,-0.191071942
LBE,10,IV.8,9.5,persistence,-0.429508636
LBE,10,IV.8,9.5,recent_rate,-0.0415969065
LBE,10,IV.8,12.5,persistence,-0.224201892
LBE,10,IV.8,12.5,recent_rate,-0.00872281348
LBE,10,IV.9,6.5,persistence,-0.575928296
LBE,10,IV.9,6.5,recent_rate,0.0916982631
LBE,10,IV.9,9.5,persistence,-0.341829469
LBE,10,IV.9,9.5,recent_rate,0.114046108
LBE,10,IV.9,12.5,persistence,-0.132721892
LBE,10,IV.9,12.5,recent_rate,0.0681905769
LBE,11,IV.1,6.5,persistence,-0.550751126
LBE,11,IV.1,6.5,recent_rate,0.00225300092
LBE,11,IV.1,9.5,persistence,-0.265858334
LBE,11,IV.1,9.5,recent_rate,0.129593304
LBE,11,IV.1,12.5,persistence,-0.0586635758
LBE,11,IV.1,12.5,recent_rate,0.0108211104
LBE,11,IV.10,6.5,persistence,-0.437394945
LBE,11,IV.10,6.5,recent_rate,0.270198544
LBE,11,IV.10,9.5,persistence,-0.168668439
LBE,11,IV.10,9.5,recent_rate,0.15324893
LBE,11,IV.10,12.5,persistence,-0.0371015554
LBE,11,IV.10,12.5,recent_rate,0.00654778192
LBE,11,IV.11,6.5,persistence,-0.547336816
LBE,11,IV.11,6.5,recent_rate,0.0460492679
LBE,11,IV.11,9.5,persistence,-0.279892409
LBE,11,IV.11,9.5,recent_rate,0.0816717727
LBE,11,IV.11,12.5,persistence,-0.0678384887
LBE,11,IV.11,12.5,recent_rate,0.0100514476
LBE,11,IV.12,6.5,persistence,-0.453397771
LBE,11,IV.12,6.5,recent_rate,0.241675429
LBE,11,IV.12,9.5,persistence,-0.181280205
LBE,11,IV.12,9.5,recent_rate,0.162116029
LBE,11,IV.12,12.5,persistence,-0.0347831805
LBE,11,IV.12,12.5,recent_rate,0.00812045784
LBE,11,IV.13,6.5,persistence,-0.431127379
LBE,11,IV.13,6.5,recent_rate,0.284851144
LBE,11,IV.13,9.5,persistence,-0.161112738
LBE,11,IV.13,9.5,recent_rate,0.164093458
LBE,11,IV.13,12.5,persistence,-0.0336749634
LBE,11,IV.13,12.5,recent_rate,0.00722791512
LBE,11,IV.14,6.5,persistence,-0.399606478
LBE,11,IV.14,6.5,recent_rate,0.328754853
LBE,11,IV.14,9.5,persistence,-0.145270168
LBE,11,IV.14,9.5,recent_rate,0.149128447
LBE,11,IV.14,12.5,persistence,-0.0304828211
LBE,11,IV.14,12.5,recent_rate,0.00730159858
LBE,11,IV.15,6.5,persistence,0
LBE,11,IV.15,6.5,recent_rate,5.69406472
LBE,11,IV.15,9.5,persistence,0
LBE,11,IV.15,9.5,recent_rate,0
LBE,11,IV.15,12.5,persistence,0
LBE,11,IV.15,12.5,recent_rate,0
LBE,11,IV.2,6.5,persistence,0
LBE,11,IV.2,6.5,recent_rate,0
LBE,11,IV.2,9.5,persistence,0
LBE,11,IV.2,9.5,recent_rate,0
LBE,11,IV.2,12.5,persistence,0
LBE,11,IV.2,12.5,recent_rate,0
LBE,11,IV.3,6.5,persistence,0
LBE,11,IV.3,6.5,recent_rate,0
LBE,11,IV.3,9.5,persistence,0
LBE,11,IV.3,9.5,recent_rate,0
LBE,11,IV.3,12.5,persistence,0
LBE,11,IV.3,12.5,recent_rate,0
LBE,11,IV.4,6.5,persistence,-0.506230722
LBE,11,IV.4,6.5,recent_rate,0.333110986
LBE,11,IV.4,9.5,persistence,-0.211443553
LBE,11,IV.4,9.5,recent_rate,0.092433937
LBE,11,IV.4,12.5,persistence,-0.0496607034
LBE,11,IV.4,12.5,recent_rate,0.00982418073
LBE,11,IV.5,6.5,persistence,-0.385135135
LBE,11,IV.5,6.5,recent_rate,0.543890514
LBE,11,IV.5,9.5,persistence,-0.157924372
LBE,11,IV.5,9.5,recent_rate,0.0446103983
LBE,11,IV.5,12.5,persistence,-0.0402441917
LBE,11,IV.5,12.5,recent_rate,0.00440942441
LBE,11,IV.6,6.5,persistence,-0.535080473
LBE,11,IV.6,6.5,recent_rate,0.229797508
LBE,11,IV.6,9.5,persistence,-0.245776955
LBE,11,IV.6,9.5,recent_rate,0.0760967074
LBE,11,IV.6,12.5,persistence,-0.0590514172
LBE,11,IV.6,12.5,recent_rate,0.00968641493
LBE,11,IV.7,6.5,persistence,-0.389864734
LBE,11,IV.7,6.5,recent_rate,0.529147414
LBE,11,IV.7,9.5,persistence,-0.152637548
LBE,11,IV.7,9.5,recent_rate,0.0670278821
LBE,11,IV.7,12.5,persistence,-0.0362368952
LBE,11,IV.7,12.5,recent_rate,0.00367209631
LBE,11,IV.8,6.5,persistence,-0.453513149
LBE,11,IV.8,6.5,recent_rate,0.439484151
LBE,11,IV.8,9.5,persistence,-0.195522589
LBE,11,IV.8,9.5,recent_rate,0.0558990759
LBE,11,IV.8,12.5,persistence,-0.048550236
LBE,11,IV.8,12.5,recent_rate,0.00604068187
LBE,11,IV.9,6.5,persistence,-0.333725597
LBE,11,IV.9,6.5,recent_rate,0.50127611
LBE,11,IV.9,9.5,persistence,-0.156754473
LBE,11,IV.9,9.5,recent_rate,0.0261005988
LBE,11,IV.9,12.5,persistence,-0.045019764
LBE,11,IV.9,12.5,recent_rate,4.52599913e-05
LBE,12,IV.1,6.5,persistence,-0.559813852
LBE,12,IV.1,6.5,recent_rate,0.650828594
LBE,12,IV.1,9.5,persistence,-0.413602214
LBE,12,IV.1,9.5,recent_rate,-0.0062683123
LBE,12,IV.1,12.5,persistence,-0.30437692
LBE,12,IV.1,12.5,recent_rate,-0.00854320632
LBE,12,IV.10,6.5,persistence,-0.420894626
LBE,12,IV.10,6.5,recent_rate,0.891219309
LBE,12,IV.10,9.5,persistence,-0.247591496
LBE,12,IV.10,9.5,recent_rate,0.221751818
LBE,12,IV.10,12.5,persistence,-0.161130974
LBE,12,IV.10,12.5,recent_rate,0.0493231632
LBE,12,IV.11,6.5,persistence,-0.497770822
LBE,12,IV.11,6.5,recent_rate,0.646091232
LBE,12,IV.11,9.5,persistence,-0.312654145
LBE,12,IV.11,9.5,recent_rate,0.245127627
LBE,12,IV.11,12.5,persistence,-0.199464049
LBE,12,IV.11,12.5,recent_rate,0.0893914423
LBE,12,IV.12,6.5,persistence,-0.479977455
LBE,12,IV.12,6.5,recent_rate,0.820912595
LBE,12,IV.12,9.5,persistence,-0.266506975
LBE,12,IV.12,9.5,recent_rate,0.335863747
LBE,12,IV.12,12.5,persistence,-0.16635198
LBE,12,IV.12,12.5,recent_rate,0.0710534988
LBE,12,IV.13,6.5,persistence,-0.430961023
LBE,12,IV.13,6.5,recent_rate,0.889501473
LBE,12,IV.13,9.5,persistence,-0.238598706
LBE,12,IV.13,9.5,recent_rate,0.251413657
LBE,12,IV.13,12.5,persistence,-0.148256273
LBE,12,IV.13,12.5,recent_rate,0.0672023219
LBE,12,IV.14,6.5,persistence,-0.375569736
LBE,12,IV.14,6.5,recent_rate,0.956439974
LBE,12,IV.14,9.5,persistence,-0.215988509
LBE,12,IV.14,9.5,recent_rate,0.151448395
LBE,12,IV.14,12.5,persistence,-0.146321925
LBE,12,IV.14,12.5,recent_rate,0.0192777818
LBE,12,IV.15,6.5,persistence,-0.387465716
LBE,12,IV.15,6.5,recent_rate,0.912738851
LBE,12,IV.15,9.5,persistence,-0.243335162
LBE,12,IV.15,9.5,recent_rate,0.0951670796
LBE,12,IV.15,12.5,persistence,-0.172243555
LBE,12,IV.15,12.5,recent_rate,0.00718938602
LBE,12,IV.2,6.5,persistence,-0.0315155806
LBE,12,IV.2,6.5,recent_rate,0.302496462
LBE,12,IV.2,9.5,persistence,0
LBE,12,IV.2,9.5,recent_rate,0
LBE,12,IV.2,12.5,persistence,0
LBE,12,IV.2,12.5,recent_rate,0
LBE,12,IV.3,6.5,persistence,-0.366980325
LBE,12,IV.3,6.5,recent_rate,0.757770177
LBE,12,IV.3,9.5,persistence,-0.190761334
LBE,12,IV.3,9.5,recent_rate,0.369475338
LBE,12,IV.3,12.5,persistence,-0.01283148
LBE,12,IV.3,12.5,recent_rate,0.483675505
LBE,12,IV.4,6.5,persistence,-0.42596401
LBE,12,IV.4,6.5,recent_rate,0.247593547
LBE,12,IV.4,9.5,persistence,-0.318937446
LBE,12,IV.4,9.5,recent_rate,0.0547905973
LBE,12,IV.4,12.5,persistence,-0.232090831
LBE,12,IV.4,12.5,recent_rate,-0.0118323324
LBE,12,IV.5,6.5,persistence,-0.469592239
LBE,12,IV.5,6.5,recent_rate,0.102063042
LBE,12,IV.5,9.5,persistence,-0.386805044
LBE,12,IV.5,9.5,recent_rate,-0.104743928
LBE,12,IV.5,12.5,persistence,-0.314216848
LBE,12,IV.5,12.5,recent_rate,-0.116509133
LBE,12,IV.6,6.5,persistence,-0.311549907
LBE,12,IV.6,6.5,recent_rate,0.424280873
LBE,12,IV.6,9.5,persistence,-0.203294042
LBE,12,IV.6,9.5,recent_rate,0.14912286
LBE,12,IV.6,12.5,persistence,-0.133607068
LBE,12,IV.6,12.5,recent_rate,0.0234241057
LBE,12,IV.7,6.5,persistence,-0.262764544
LBE,12,IV.7,6.5,recent_rate,0.39030915
LBE,12,IV.7,9.5,persistence,-0.165962798
LBE,12,IV.7,9.5,recent_rate,0.135430507
LBE,12,IV.7,12.5,persistence,-0.0923887254
LBE,12,IV.7,12.5,recent_rate,0.153520531
LBE,12,IV.8,6.5,persistence,-0.435200966
LBE,12,IV.8,6.5,recent_rate,0.122987978
LBE,12,IV.8,9.5,persistence,-0.351725607
LBE,12,IV.8,9.5,recent_rate,-0.0941309529
LBE,12,IV.8,12.5,persistence,-0.275777588
LBE,12,IV.8,12.5,recent_rate,-0.0378970787
LBE,12,IV.9,6.5,persistence,-0.516823063
LBE,12,IV.9,6.5,recent_rate,0.16285028
LBE,12,IV.9,9.5,persistence,-0.415865338
LBE,12,IV.9,9.5,recent_rate,-0.0678412484
LBE,12,IV.9,12.5,persistence,-0.329631421
LBE,12,IV.9,12.5,recent_rate,-0.101183449
