cut_days,method,reference,cycles,bottles,equal_bottle_mean_abs_relative_error,paired_difference,difference_ci_low,difference_ci_high,bottle_win_fraction,population
6.5,first_order,persistence,100,27,0.23051008,-0.176826548,-0.205941406,-0.146341437,0.962962963,all_long_cycles
6.5,gompertz_plus_linear,persistence,100,27,0.576418451,0.169081823,0.0709249782,0.254471795,0.518518519,all_long_cycles
6.5,logistic,persistence,100,27,0.3742415,-0.0330951282,-0.0440559638,-0.0212503008,0.592592593,all_long_cycles
6.5,modified_gompertz,persistence,100,27,0.297157929,-0.110178699,-0.135584491,-0.0842471385,0.925925926,all_long_cycles
6.5,persistence,persistence,100,27,0.407336629,0,0,0,0,all_long_cycles
6.5,recent_rate,persistence,100,27,0.509743279,0.102406651,-0.0254852689,0.227968486,0.592592593,all_long_cycles
6.5,two_pool_first_order,persistence,100,27,0.190043491,-0.217293138,-0.261168566,-0.179225964,0.962962963,all_long_cycles
9.5,first_order,persistence,100,27,0.163666309,-0.121276207,-0.146115894,-0.0982609482,0.962962963,all_long_cycles
9.5,gompertz_plus_linear,persistence,100,27,0.26434146,-0.0206010559,-0.0711992426,0.0237585605,0.592592593,all_long_cycles
9.5,logistic,persistence,100,27,0.253651557,-0.0312909593,-0.0405044994,-0.0222673833,0.555555556,all_long_cycles
9.5,modified_gompertz,persistence,100,27,0.229235994,-0.0557065218,-0.0698459999,-0.0410265479,0.62962963,all_long_cycles
9.5,persistence,persistence,100,27,0.284942516,0,0,0,0,all_long_cycles
9.5,recent_rate,persistence,100,27,0.14660916,-0.138333356,-0.189712498,-0.0886074387,0.740740741,all_long_cycles
9.5,two_pool_first_order,persistence,100,27,0.148156161,-0.136786355,-0.163779857,-0.113252283,1,all_long_cycles
12.5,first_order,persistence,100,27,0.144147957,-0.0416916059,-0.0588652582,-0.0228379644,0.888888889,all_long_cycles
12.5,gompertz_plus_linear,persistence,100,27,0.144265573,-0.0415739906,-0.088532441,0.00181563358,0.62962963,all_long_cycles
12.5,logistic,persistence,100,27,0.191112468,0.00527290444,-0.0124329393,0.021121376,0.518518519,all_long_cycles
12.5,modified_gompertz,persistence,100,27,0.174087376,-0.0117521869,-0.0257573921,-0.00115296944,0.555555556,all_long_cycles
12.5,persistence,persistence,100,27,0.185839563,0,0,0,0,all_long_cycles
12.5,recent_rate,persistence,100,27,0.0839069794,-0.101932584,-0.145352896,-0.0496476846,0.925925926,all_long_cycles
12.5,two_pool_first_order,persistence,100,27,0.136520205,-0.0493193585,-0.0812175972,-0.019777277,0.925925926,all_long_cycles
6.5,first_order,recent_rate,100,27,0.23051008,-0.279233199,-0.4001556,-0.15541482,0.62962963,all_long_cycles
6.5,gompertz_plus_linear,recent_rate,100,27,0.576418451,0.0666751723,-0.0274143255,0.152185083,0.407407407,all_long_cycles
6.5,logistic,recent_rate,100,27,0.3742415,-0.135501779,-0.256816944,-0.0114779882,0.444444444,all_long_cycles
6.5,modified_gompertz,recent_rate,100,27,0.297157929,-0.21258535,-0.341566353,-0.0821629243,0.666666667,all_long_cycles
6.5,persistence,recent_rate,100,27,0.407336629,-0.102406651,-0.227968486,0.0254852689,0.407407407,all_long_cycles
6.5,recent_rate,recent_rate,100,27,0.509743279,0,0,0,0,all_long_cycles
6.5,two_pool_first_order,recent_rate,100,27,0.190043491,-0.319699788,-0.432633254,-0.211774689,0.888888889,all_long_cycles
9.5,first_order,recent_rate,100,27,0.163666309,0.0170571489,-0.0341824255,0.0660278474,0.407407407,all_long_cycles
9.5,gompertz_plus_linear,recent_rate,100,27,0.26434146,0.1177323,0.0711945137,0.154303793,0.0740740741,all_long_cycles
9.5,logistic,recent_rate,100,27,0.253651557,0.107042397,0.0613793351,0.15493729,0.185185185,all_long_cycles
9.5,modified_gompertz,recent_rate,100,27,0.229235994,0.0826268345,0.0372814814,0.129521726,0.222222222,all_long_cycles
9.5,persistence,recent_rate,100,27,0.284942516,0.138333356,0.0886074387,0.189712498,0.259259259,all_long_cycles
9.5,recent_rate,recent_rate,100,27,0.14660916,0,0,0,0,all_long_cycles
9.5,two_pool_first_order,recent_rate,100,27,0.148156161,0.00154700141,-0.0536253464,0.0518041903,0.407407407,all_long_cycles
12.5,first_order,recent_rate,100,27,0.144147957,0.0602409779,0.0237545989,0.0906859601,0.111111111,all_long_cycles
12.5,gompertz_plus_linear,recent_rate,100,27,0.144265573,0.0603585933,0.0365463707,0.0812000745,0.111111111,all_long_cycles
12.5,logistic,recent_rate,100,27,0.191112468,0.107205488,0.0417141684,0.154296159,0.037037037,all_long_cycles
12.5,modified_gompertz,recent_rate,100,27,0.174087376,0.0901803969,0.0269180982,0.137049987,0.037037037,all_long_cycles
12.5,persistence,recent_rate,100,27,0.185839563,0.101932584,0.0496476846,0.145352896,0.0740740741,all_long_cycles
12.5,recent_rate,recent_rate,100,27,0.0839069794,0,0,0,0,all_long_cycles
12.5,two_pool_first_order,recent_rate,100,27,0.136520205,0.0526132253,0.0245963708,0.0733114892,0.111111111,all_long_cycles
6.5,first_order,persistence,88,25,0.221112507,-0.187282637,-0.214498531,-0.158622906,0.96,without_failing_controls
6.5,gompertz_plus_linear,persistence,88,25,0.596723866,0.188328721,0.0839535927,0.280214508,0.48,without_failing_controls
6.5,logistic,persistence,88,25,0.372926487,-0.0354686573,-0.044518583,-0.0268942551,0.6,without_failing_controls
6.5,modified_gompertz,persistence,88,25,0.295875358,-0.112519786,-0.136654448,-0.0872940511,0.92,without_failing_controls
6.5,persistence,persistence,88,25,0.408395144,0,0,0,0,without_failing_controls
6.5,recent_rate,persistence,88,25,0.520096258,0.111701113,-0.0274595467,0.249847902,0.6,without_failing_controls
6.5,two_pool_first_order,persistence,88,25,0.179243752,-0.229151393,-0.272384883,-0.194047317,1,without_failing_controls
9.5,first_order,persistence,88,25,0.163690898,-0.124096806,-0.149775438,-0.0999825516,0.96,without_failing_controls
9.5,gompertz_plus_linear,persistence,88,25,0.268614838,-0.0191728664,-0.071453724,0.025753473,0.6,without_failing_controls
9.5,logistic,persistence,88,25,0.258020021,-0.0297676831,-0.0383266133,-0.0219655891,0.52,without_failing_controls
9.5,modified_gompertz,persistence,88,25,0.229841379,-0.0579463254,-0.0701430981,-0.0458407708,0.6,without_failing_controls
9.5,persistence,persistence,88,25,0.287787704,0,0,0,0,without_failing_controls
9.5,recent_rate,persistence,88,25,0.138504713,-0.149282991,-0.194865123,-0.115094652,0.76,without_failing_controls
9.5,two_pool_first_order,persistence,88,25,0.150314651,-0.137473054,-0.165292409,-0.112546544,1,without_failing_controls
12.5,first_order,persistence,88,25,0.146208928,-0.0443959254,-0.0619356667,-0.0252849724,0.92,without_failing_controls
12.5,gompertz_plus_linear,persistence,88,25,0.143494614,-0.0471102396,-0.0927536709,-0.00540421167,0.64,without_failing_controls
12.5,logistic,persistence,88,25,0.192635674,0.0020308206,-0.0139254889,0.0123919309,0.52,without_failing_controls
12.5,modified_gompertz,persistence,88,25,0.178704219,-0.0119006343,-0.0266690935,-0.00144947626,0.56,without_failing_controls
12.5,persistence,persistence,88,25,0.190604854,0,0,0,0,without_failing_controls
12.5,recent_rate,persistence,88,25,0.0838209806,-0.106783873,-0.152028341,-0.0520437887,0.96,without_failing_controls
12.5,two_pool_first_order,persistence,88,25,0.136381819,-0.0542230349,-0.0881785418,-0.0252214896,0.96,without_failing_controls
6.5,first_order,recent_rate,88,25,0.221112507,-0.29898375,-0.431354134,-0.166006093,0.6,without_failing_controls
6.5,gompertz_plus_linear,recent_rate,88,25,0.596723866,0.076627608,-0.0270107451,0.171758558,0.36,without_failing_controls
6.5,logistic,recent_rate,88,25,0.372926487,-0.14716977,-0.279601293,-0.0133570811,0.44,without_failing_controls
6.5,modified_gompertz,recent_rate,88,25,0.295875358,-0.224220899,-0.364101704,-0.0860945775,0.68,without_failing_controls
6.5,persistence,recent_rate,88,25,0.408395144,-0.111701113,-0.249847902,0.0274595467,0.4,without_failing_controls
6.5,recent_rate,recent_rate,88,25,0.520096258,0,0,0,0,without_failing_controls
6.5,two_pool_first_order,recent_rate,88,25,0.179243752,-0.340852506,-0.462891007,-0.222092307,0.88,without_failing_controls
9.5,first_order,recent_rate,88,25,0.163690898,0.0251861853,-0.0199922647,0.0736430447,0.4,without_failing_controls
9.5,gompertz_plus_linear,recent_rate,88,25,0.268614838,0.130110125,0.0819986319,0.165136146,0.04,without_failing_controls
9.5,logistic,recent_rate,88,25,0.258020021,0.119515308,0.084595226,0.164239832,0.16,without_failing_controls
9.5,modified_gompertz,recent_rate,88,25,0.229841379,0.091336666,0.0526922588,0.137352455,0.2,without_failing_controls
9.5,persistence,recent_rate,88,25,0.287787704,0.149282991,0.115094652,0.194865123,0.24,without_failing_controls
9.5,recent_rate,recent_rate,88,25,0.138504713,0,0,0,0,without_failing_controls
9.5,two_pool_first_order,recent_rate,88,25,0.150314651,0.0118099379,-0.0361501527,0.0609678991,0.4,without_failing_controls
12.5,first_order,recent_rate,88,25,0.146208928,0.0623879477,0.0249245247,0.0936368359,0.12,without_failing_controls
12.5,gompertz_plus_linear,recent_rate,88,25,0.143494614,0.0596736336,0.0338967492,0.0820162696,0.12,without_failing_controls
12.5,logistic,recent_rate,88,25,0.192635674,0.108814694,0.0396200703,0.158983311,0.04,without_failing_controls
12.5,modified_gompertz,recent_rate,88,25,0.178704219,0.0948832389,0.0278489444,0.143480604,0.04,without_failing_controls
12.5,persistence,recent_rate,88,25,0.190604854,0.106783873,0.0520437887,0.152028341,0.04,without_failing_controls
12.5,recent_rate,recent_rate,88,25,0.0838209806,0,0,0,0,without_failing_controls
12.5,two_pool_first_order,recent_rate,88,25,0.136381819,0.0525608382,0.023631192,0.0737880045,0.12,without_failing_controls
