scenario,bottles_per_arm,batches_per_bottle,contrast_se_log,ci95_half_width_percent,permutation_p_floor,power_5pct,power_10pct,power_20pct
BRL,2,1,0.0641648,31.7952,0.333333,0.0764035,0.14688,0.359108
BRL,2,3,0.0370456,17.28,0.333333,0.12703,0.312009,0.70832
BRL,2,5,0.0286954,13.1412,0.333333,0.17488,0.445175,0.867252
BRL,2,10,0.0202907,9.12282,0.333333,0.283345,0.675968,0.98145
BRL,3,1,0.0523904,15.657,0.1,0.112566,0.288645,0.740336
BRL,3,3,0.0302476,8.7608,0.1,0.238642,0.659573,0.991396
BRL,3,5,0.0234297,6.72137,0.1,0.358412,0.854338,0.999791
BRL,3,10,0.0165673,4.70725,0.1,0.604165,0.986081,1
BRL,4,1,0.0453714,11.7417,0.0285714,0.149284,0.423314,0.914099
BRL,4,3,0.0261952,6.61962,0.0285714,0.348189,0.855652,0.999884
BRL,4,5,0.0202907,5.09028,0.0285714,0.52266,0.971808,1
BRL,4,10,0.0143477,3.57311,0.0285714,0.807539,0.999704,1
BRL,5,1,0.0405814,9.80994,0.00793651,0.185917,0.541436,0.974343
BRL,5,3,0.0234297,5.55152,0.00793651,0.449293,0.943643,0.999999
BRL,5,5,0.0181486,4.27387,0.00793651,0.654964,0.995252,1
BRL,5,10,0.012833,3.00351,0.00793651,0.912819,0.999995,1
BRL,6,1,0.0370456,8.60451,0.0021645,0.222343,0.641156,0.992847
BRL,6,3,0.0213883,4.88099,0.0021645,0.539953,0.979227,1
BRL,6,5,0.0165673,3.7604,0.0021645,0.756262,0.999268,1
BRL,6,10,0.0117148,2.64459,0.0021645,0.962452,1,1
BRL,8,1,0.0320824,7.12326,0.0001554,0.294037,0.788814,0.99952
BRL,8,3,0.0185228,4.05271,0.0001554,0.688123,0.997509,1
BRL,8,5,0.0143477,3.12511,0.0001554,0.884885,0.999986,1
BRL,8,10,0.0101454,2.19981,0.0001554,0.993768,1,1
BRL,10,1,0.0286954,6.21411,1.08251e-05,0.363278,0.88096,0.999972
BRL,10,3,0.0165673,3.54194,1.08251e-05,0.795294,0.999736,1
BRL,10,5,0.012833,2.73278,1.08251e-05,0.948698,1,1
BRL,10,10,0.00907428,1.92472,1.08251e-05,0.999073,1,1
LBE,2,1,0.345825,342.807,0.333333,0.0509214,0.0535112,0.0627856
LBE,2,3,0.253562,197.722,0.333333,0.0517132,0.056521,0.0736452
LBE,2,5,0.230724,169.858,0.333333,0.0520687,0.0578702,0.0784836
LBE,2,10,0.211987,148.956,0.333333,0.0524501,0.0593158,0.0836472
LBE,3,1,0.282365,119.015,0.1,0.0521221,0.0581137,0.0798736
LBE,3,3,0.207033,77.6802,0.1,0.0539497,0.0651249,0.105882
LBE,3,5,0.188385,68.7152,0.1,0.0547716,0.068284,0.117626
LBE,3,10,0.173087,61.6988,0.1,0.055654,0.0716796,0.130251
LBE,4,1,0.244535,81.9125,0.0285714,0.0533128,0.0626972,0.0970858
LBE,4,3,0.179296,55.0722,0.0285714,0.0561707,0.07373,0.138584
LBE,4,5,0.163147,49.064,0.0285714,0.0574573,0.0787174,0.157386
LBE,4,10,0.149897,44.3089,0.0285714,0.0588395,0.084088,0.177602
LBE,5,1,0.218719,65.5936,0.00793651,0.0544891,0.067241,0.114275
LBE,5,3,0.160367,44.7455,0.00793651,0.0583672,0.0822882,0.171249
LBE,5,5,0.145923,40.0037,0.00793651,0.0601146,0.089106,0.197009
LBE,5,10,0.134072,36.2296,0.00793651,0.061993,0.0964566,0.224611
LBE,6,1,0.199662,56.0295,0.0021645,0.0556572,0.0717678,0.131483
LBE,6,3,0.146394,38.5674,0.0021645,0.0605509,0.090837,0.203808
LBE,6,5,0.133209,34.5556,0.0021645,0.0627577,0.0994918,0.236323
LBE,6,10,0.122391,31.3511,0.0021645,0.065131,0.10883,0.270958
LBE,8,1,0.172912,44.8981,0.0001554,0.0579826,0.0808182,0.165999
LBE,8,3,0.126781,31.248,0.0001554,0.0649044,0.107979,0.268247
LBE,8,5,0.115362,28.0726,0.0001554,0.0680303,0.120332,0.313345
LBE,8,10,0.105993,25.5248,0.0001554,0.071395,0.133666,0.360576
LBE,10,1,0.154658,38.3925,1.08251e-05,0.0603032,0.0898967,0.200577
LBE,10,3,0.113396,26.901,1.08251e-05,0.0692573,0.125218,0.331092
LBE,10,5,0.103183,24.207,1.08251e-05,0.0733062,0.141291,0.38714
LBE,10,10,0.0948034,22.0395,1.08251e-05,0.0776676,0.158633,0.444582
LBE_without_IV.3,2,1,0.0483088,23.1036,0.333333,0.0960847,0.214199,0.525585
LBE_without_IV.3,2,3,0.0278911,12.7503,0.333333,0.181656,0.462361,0.881689
LBE_without_IV.3,2,5,0.0216044,9.74136,0.333333,0.259126,0.632151,0.970495
LBE_without_IV.3,2,10,0.0152766,6.79382,0.333333,0.422217,0.857565,0.999084
LBE_without_IV.3,3,1,0.039444,11.5736,0.1,0.160986,0.453059,0.924601
LBE_without_IV.3,3,3,0.022773,6.52697,0.1,0.375053,0.872106,0.99988
LBE_without_IV.3,3,5,0.0176399,5.01954,0.1,0.553873,0.975323,1
LBE_without_IV.3,3,10,0.0124733,3.52381,0.1,0.828083,0.999707,1
LBE_without_IV.3,4,1,0.0341595,8.7178,0.0285714,0.226682,0.645314,0.992118
LBE_without_IV.3,4,3,0.019722,4.94414,0.0285714,0.54529,0.978076,1
LBE_without_IV.3,4,5,0.0152766,3.80879,0.0285714,0.758446,0.999098,1
LBE_without_IV.3,4,10,0.0108022,2.67844,0.0285714,0.961176,1,1
LBE_without_IV.3,5,1,0.0305532,7.29971,0.00793651,0.290983,0.779763,0.999309
LBE_without_IV.3,5,3,0.0176399,4.15163,0.00793651,0.679347,0.996754,1
LBE_without_IV.3,5,5,0.0136638,3.20104,0.00793651,0.876956,0.999974,1
LBE_without_IV.3,5,10,0.00966177,2.25301,0.00793651,0.992294,1,1
LBE_without_IV.3,6,1,0.0278911,6.41169,0.0021645,0.353094,0.867686,0.999945
LBE_without_IV.3,6,3,0.0161029,3.6531,0.0021645,0.779396,0.999562,1
LBE_without_IV.3,6,5,0.0124733,2.8182,0.0021645,0.940046,0.999999,1
LBE_without_IV.3,6,10,0.00881995,1.98464,0.0021645,0.998593,1,1
LBE_without_IV.3,8,1,0.0241544,5.31715,0.0001554,0.468585,0.955745,1
LBE_without_IV.3,8,3,0.0139456,3.03621,0.0001554,0.90154,0.999993,1
LBE_without_IV.3,8,5,0.0108022,2.34389,0.0001554,0.98711,1,1
LBE_without_IV.3,8,10,0.0076383,1.65174,0.0001554,0.999961,1,1
LBE_without_IV.3,10,1,0.0216044,4.64349,1.08251e-05,0.570281,0.986308,1
LBE_without_IV.3,10,3,0.0124733,2.65518,1.08251e-05,0.958679,1,1
LBE_without_IV.3,10,5,0.00966177,2.0506,1.08251e-05,0.99749,1,1
LBE_without_IV.3,10,10,0.0068319,1.44568,1.08251e-05,0.999999,1,1
