lab,batch_id,bottle_id,last_day,days_to_1pct_per_day,days_to_2pct_per_day
BRL,1,II.10,6.71,,
BRL,1,II.11,6.71,,
BRL,1,II.12,6.71,,
BRL,1,II.13,6.71,,
BRL,1,II.14,6.71,,
BRL,1,II.15,6.71,,
BRL,1,II.4,6.71,,
BRL,1,II.5,6.71,,
BRL,1,II.6,6.71,,
BRL,1,II.7,6.71,,
BRL,1,II.8,6.71,,
BRL,1,II.9,6.71,,
BRL,2,II.10,6.67,,
BRL,2,II.11,6.67,,
BRL,2,II.12,6.67,,
BRL,2,II.13,6.67,,
BRL,2,II.14,6.67,,
BRL,2,II.15,6.67,,
BRL,2,II.4,6.67,,
BRL,2,II.5,6.67,,
BRL,2,II.6,6.67,,
BRL,2,II.7,6.67,,
BRL,2,II.8,6.67,,
BRL,2,II.9,6.67,,
BRL,3,II.10,6.71,,
BRL,3,II.11,6.71,,
BRL,3,II.12,6.71,,
BRL,3,II.13,6.71,,
BRL,3,II.14,6.71,,
BRL,3,II.15,6.71,,
BRL,3,II.4,6.71,,
BRL,3,II.5,6.71,,
BRL,3,II.6,6.71,,6.5
BRL,3,II.7,6.71,,
BRL,3,II.8,6.71,,
BRL,3,II.9,6.71,,
BRL,4,II.10,6.71,,
BRL,4,II.11,6.71,,
BRL,4,II.12,6.71,,
BRL,4,II.13,6.71,,
BRL,4,II.14,6.71,,
BRL,4,II.15,6.71,,
BRL,4,II.4,6.71,,
BRL,4,II.5,6.71,,
BRL,4,II.6,6.71,,
BRL,4,II.7,6.71,,
BRL,4,II.8,6.71,,
BRL,4,II.9,6.71,,
BRL,5,II.10,6.75,,
BRL,5,II.11,6.75,,
BRL,5,II.12,6.75,,
BRL,5,II.13,6.75,,
BRL,5,II.14,6.75,,
BRL,5,II.15,6.75,,
BRL,5,II.4,6.75,,
BRL,5,II.5,6.75,,
BRL,5,II.6,6.75,,
BRL,5,II.7,6.75,,
BRL,5,II.8,6.75,,
BRL,5,II.9,6.75,,
BRL,6,II.10,5.46,,
BRL,6,II.11,5.46,,
BRL,6,II.12,5.46,,
BRL,6,II.13,5.46,,
BRL,6,II.14,5.46,,
BRL,6,II.15,5.46,,
BRL,6,II.4,5.46,,
BRL,6,II.5,5.46,,
BRL,6,II.6,5.46,,
BRL,6,II.7,5.46,,
BRL,6,II.8,5.46,,
BRL,6,II.9,5.46,,
BRL,7,II.10,7.37,,
BRL,7,II.11,7.37,,
BRL,7,II.12,7.37,,
BRL,7,II.13,7.37,,
BRL,7,II.14,7.37,,
BRL,7,II.15,7.37,,
BRL,7,II.4,7.37,,
BRL,7,II.5,7.37,,
BRL,7,II.6,7.37,,
BRL,7,II.7,7.37,,
BRL,7,II.8,7.37,,
BRL,7,II.9,7.37,,
BRL,8,II.10,6.83,,
BRL,8,II.11,6.83,,
BRL,8,II.12,6.83,,
BRL,8,II.13,6.83,,
BRL,8,II.14,6.83,,
BRL,8,II.15,6.83,,
BRL,8,II.4,6.83,,
BRL,8,II.5,6.83,,
BRL,8,II.6,6.83,,
BRL,8,II.7,6.83,,
BRL,8,II.8,6.83,,
BRL,8,II.9,6.83,,
BRL,9,II.10,6.75,,
BRL,9,II.11,6.75,,
BRL,9,II.12,6.75,,
BRL,9,II.13,6.75,,
BRL,9,II.14,6.75,,
BRL,9,II.15,6.75,,
BRL,9,II.4,6.75,,
BRL,9,II.5,6.75,,
BRL,9,II.6,6.75,,
BRL,9,II.7,6.75,,
BRL,9,II.8,6.75,,
BRL,9,II.9,6.75,,
BRL,10,II.10,6.75,,
BRL,10,II.11,6.75,,
BRL,10,II.12,6.75,,
BRL,10,II.13,6.75,,
BRL,10,II.14,6.75,,
BRL,10,II.15,6.75,,
BRL,10,II.4,6.75,,
BRL,10,II.5,6.75,,
BRL,10,II.6,6.75,,
BRL,10,II.7,6.75,,
BRL,10,II.8,6.75,,
BRL,10,II.9,6.75,,
BRL,11,II.10,6.66,,
BRL,11,II.11,6.66,,
BRL,11,II.12,6.66,,
BRL,11,II.13,6.66,,
BRL,11,II.14,6.66,,
BRL,11,II.15,6.66,,
BRL,11,II.4,6.66,,
BRL,11,II.5,6.66,,
BRL,11,II.6,6.66,,
BRL,11,II.7,6.66,,
BRL,11,II.8,6.66,,
BRL,11,II.9,6.66,,
BRL,12,II.10,6.8,,
BRL,12,II.11,6.8,,
BRL,12,II.12,6.8,,
BRL,12,II.13,6.8,,
BRL,12,II.14,6.8,,
BRL,12,II.15,6.8,,
BRL,12,II.4,6.8,,
BRL,12,II.5,6.8,,
BRL,12,II.6,6.8,,
BRL,12,II.7,6.8,,
BRL,12,II.8,6.8,,
BRL,12,II.9,6.8,,
BRL,13,II.10,6.71,,
BRL,13,II.11,6.71,,
BRL,13,II.12,6.71,,
BRL,13,II.13,6.71,,
BRL,13,II.14,6.71,,
BRL,13,II.15,6.71,,
BRL,13,II.4,6.71,,
BRL,13,II.5,6.71,,
BRL,13,II.6,6.71,,
BRL,13,II.7,6.71,,
BRL,13,II.8,6.71,,
BRL,13,II.9,6.71,,
BRL,14,II.10,27,13.5,9.5
BRL,14,II.11,27,13.5,9.5
BRL,14,II.12,27,13.5,10
BRL,14,II.13,27.71,14,10.5
BRL,14,II.14,27.71,19.5,11.5
BRL,14,II.15,27.71,16,11
BRL,14,II.4,27.5,9,7.5
BRL,14,II.5,27.5,,26.5
BRL,14,II.6,27.5,20,18
BRL,14,II.7,27,17,10.5
BRL,14,II.8,27,14,10
BRL,14,II.9,27,16.5,10
LBE,1,IV.1,13.6667,,
LBE,1,IV.10,13.6667,,
LBE,1,IV.11,13.6667,,
LBE,1,IV.12,13.6667,,
LBE,1,IV.13,13.6667,,
LBE,1,IV.14,13.6667,,
LBE,1,IV.15,13.6667,,
LBE,1,IV.2,13.6667,,
LBE,1,IV.3,13.6667,,
LBE,1,IV.4,13.6667,,
LBE,1,IV.5,13.6667,,
LBE,1,IV.6,13.6667,,
LBE,1,IV.7,13.6667,,
LBE,1,IV.8,13.6667,,
LBE,1,IV.9,13.6667,,
LBE,2,IV.1,6.75,,
LBE,2,IV.10,6.75,,
LBE,2,IV.11,6.75,,
LBE,2,IV.12,6.75,,
LBE,2,IV.13,6.75,,
LBE,2,IV.14,6.75,,
LBE,2,IV.15,6.75,,
LBE,2,IV.2,6.75,,
LBE,2,IV.3,6.75,,
LBE,2,IV.4,6.75,,
LBE,2,IV.5,6.75,,
LBE,2,IV.6,6.75,,
LBE,2,IV.7,6.75,,
LBE,2,IV.8,6.75,,
LBE,2,IV.9,6.75,,
LBE,3,IV.1,20.7917,,
LBE,3,IV.10,20.7917,,
LBE,3,IV.11,20.7917,,
LBE,3,IV.12,20.7917,,
LBE,3,IV.13,20.7917,,
LBE,3,IV.14,20.7917,,
LBE,3,IV.15,20.7917,,
LBE,3,IV.2,20.7917,,
LBE,3,IV.3,20.7917,,
LBE,3,IV.4,20.7917,,
LBE,3,IV.5,20.7917,,
LBE,3,IV.6,20.7917,,
LBE,3,IV.7,20.7917,,
LBE,3,IV.8,20.7917,,
LBE,3,IV.9,20.7917,,
LBE,4,IV.1,6.66667,,
LBE,4,IV.10,6.66667,,
LBE,4,IV.11,6.66667,,
LBE,4,IV.12,6.66667,,
LBE,4,IV.13,6.66667,,
LBE,4,IV.14,6.66667,,
LBE,4,IV.15,6.66667,,
LBE,4,IV.2,6.66667,,
LBE,4,IV.3,6.66667,,
LBE,4,IV.4,6.66667,,
LBE,4,IV.5,6.66667,,
LBE,4,IV.6,6.66667,,
LBE,4,IV.7,6.66667,,
LBE,4,IV.8,6.66667,,
LBE,4,IV.9,6.66667,,
LBE,5,IV.1,6.79167,,
LBE,5,IV.10,6.79167,,
LBE,5,IV.11,6.79167,,
LBE,5,IV.12,6.79167,,
LBE,5,IV.13,6.79167,,
LBE,5,IV.14,6.79167,,
LBE,5,IV.15,6.79167,,
LBE,5,IV.2,6.79167,,
LBE,5,IV.3,6.79167,,
LBE,5,IV.4,6.79167,,
LBE,5,IV.5,6.79167,,
LBE,5,IV.6,6.79167,,
LBE,5,IV.7,6.79167,,
LBE,5,IV.8,6.79167,,
LBE,5,IV.9,6.79167,,
LBE,6,IV.1,6.75,,
LBE,6,IV.10,6.75,,
LBE,6,IV.11,6.75,,
LBE,6,IV.12,6.75,,
LBE,6,IV.13,6.75,,
LBE,6,IV.14,6.75,,
LBE,6,IV.15,6.75,,
LBE,6,IV.2,6.75,,
LBE,6,IV.3,6.75,,
LBE,6,IV.4,6.75,,
LBE,6,IV.5,6.75,,
LBE,6,IV.6,6.75,,
LBE,6,IV.7,6.75,,
LBE,6,IV.8,6.75,,
LBE,6,IV.9,6.75,,
LBE,7,IV.1,6.79167,,
LBE,7,IV.10,6.79167,,
LBE,7,IV.11,6.79167,,
LBE,7,IV.12,6.79167,,
LBE,7,IV.13,6.79167,,
LBE,7,IV.14,6.79167,,
LBE,7,IV.15,6.79167,,
LBE,7,IV.2,6.79167,,
LBE,7,IV.3,6.79167,5.5,5
LBE,7,IV.4,6.79167,,
LBE,7,IV.5,6.79167,,
LBE,7,IV.6,6.79167,,
LBE,7,IV.7,6.79167,,
LBE,7,IV.8,6.79167,,
LBE,7,IV.9,6.79167,,
LBE,8,IV.1,6.875,,
LBE,8,IV.10,6.875,,
LBE,8,IV.11,6.875,,
LBE,8,IV.12,6.875,,
LBE,8,IV.13,6.875,,
LBE,8,IV.14,6.875,,
LBE,8,IV.15,6.875,,
LBE,8,IV.2,6.875,,
LBE,8,IV.3,6.875,4,3.5
LBE,8,IV.4,6.875,,
LBE,8,IV.5,6.875,,
LBE,8,IV.6,6.875,,
LBE,8,IV.7,6.875,,
LBE,8,IV.8,6.875,,
LBE,8,IV.9,6.875,,
LBE,9,IV.1,34.5833,,25.5417
LBE,9,IV.10,34.5833,,
LBE,9,IV.11,34.5833,,
LBE,9,IV.12,34.5833,,
LBE,9,IV.13,34.5833,,
LBE,9,IV.14,34.5833,,
LBE,9,IV.15,34.5833,,
LBE,9,IV.2,34.5833,30.5417,23
LBE,9,IV.3,34.5833,3,3
LBE,9,IV.4,34.5833,,18.5
LBE,9,IV.5,34.5833,,
LBE,9,IV.6,34.5833,,
LBE,9,IV.7,34.5833,,
LBE,9,IV.8,34.5833,,27.0417
LBE,9,IV.9,34.5833,,31.5417
LBE,10,IV.1,15.5833,,
LBE,10,IV.10,15.5833,,
LBE,10,IV.11,15.5833,,
LBE,10,IV.12,15.5833,,
LBE,10,IV.13,15.5833,,
LBE,10,IV.14,15.5833,,
LBE,10,IV.15,15.5833,,
LBE,10,IV.2,15.5833,,
LBE,10,IV.3,15.5833,15,14.5
LBE,10,IV.4,15.5833,,
LBE,10,IV.5,15.5833,,
LBE,10,IV.6,15.5833,,
LBE,10,IV.7,15.5833,,
LBE,10,IV.8,15.5833,,
LBE,10,IV.9,15.5833,,
LBE,11,IV.1,13.7083,,
LBE,11,IV.10,13.7083,,
LBE,11,IV.11,13.7083,,
LBE,11,IV.12,13.7083,,
LBE,11,IV.13,13.7083,,
LBE,11,IV.14,13.7083,,
LBE,11,IV.15,13.7083,7,7
LBE,11,IV.2,13.7083,5,5
LBE,11,IV.3,13.7083,3,3
LBE,11,IV.4,13.7083,,
LBE,11,IV.5,13.7083,,
LBE,11,IV.6,13.7083,,
LBE,11,IV.7,13.7083,,
LBE,11,IV.8,13.7083,,
LBE,11,IV.9,13.7083,,
LBE,12,IV.1,20.7917,,
LBE,12,IV.10,20.7917,,18.5
LBE,12,IV.11,20.7917,,19.5
LBE,12,IV.12,20.7917,,18
LBE,12,IV.13,20.7917,,16.5
LBE,12,IV.14,20.7917,,14.5
LBE,12,IV.15,20.7917,,15.5
LBE,12,IV.2,20.7917,4,4
LBE,12,IV.3,20.7917,14,13.5
LBE,12,IV.4,20.7917,,
LBE,12,IV.5,20.7917,,
LBE,12,IV.6,20.7917,20,13
LBE,12,IV.7,20.7917,17,13.5
LBE,12,IV.8,20.7917,,
LBE,12,IV.9,20.7917,,
