population,family,cut_days,cycles,median_full_rmse_relative,median_signed_final_error,median_abs_final_error,share_final_within_10pct,share_short_fit_at_bound,best_aicc_share
all_long_cycles,first_order,6.5,100,0.0322776,-0.0114085,0.293447,0.22,0.17,0.01
all_long_cycles,first_order,9.5,100,0.0322776,-0.0846546,0.14767,0.36,0.27,0.01
all_long_cycles,first_order,12.5,100,0.0322776,-0.0794024,0.0985817,0.5,0.23,0.01
all_long_cycles,gompertz_plus_linear,6.5,100,0.0176068,0.215654,0.277042,0.1,0.46,0.49
all_long_cycles,gompertz_plus_linear,9.5,100,0.0176068,-0.010751,0.198321,0.23,0.23,0.49
all_long_cycles,gompertz_plus_linear,12.5,100,0.0176068,-0.0392793,0.0902832,0.59,0.26,0.49
all_long_cycles,logistic,6.5,100,0.0393807,-0.425427,0.425427,0.1,0.29,0.09
all_long_cycles,logistic,9.5,100,0.0393807,-0.216338,0.216338,0.25,0.17,0.09
all_long_cycles,logistic,12.5,100,0.0393807,-0.147733,0.1484,0.42,0.17,0.09
all_long_cycles,modified_gompertz,6.5,100,0.0333179,-0.242455,0.28049,0.14,0.37,0.28
all_long_cycles,modified_gompertz,9.5,100,0.0333179,-0.166336,0.172856,0.31,0.25,0.28
all_long_cycles,modified_gompertz,12.5,100,0.0333179,-0.127899,0.133792,0.47,0.32,0.28
all_long_cycles,two_pool_first_order,6.5,100,0.0268672,0.00761783,0.207163,0.27,0.81,0.13
all_long_cycles,two_pool_first_order,9.5,100,0.0268672,-0.0649635,0.141747,0.41,0.96,0.13
all_long_cycles,two_pool_first_order,12.5,100,0.0268672,-0.0774986,0.0966866,0.51,0.89,0.13
without_failing_controls,first_order,6.5,88,0.0318013,-0.0152862,0.280164,0.215909,0.193182,0
without_failing_controls,first_order,9.5,88,0.0318013,-0.0929252,0.14767,0.340909,0.295455,0
without_failing_controls,first_order,12.5,88,0.0318013,-0.0814924,0.103974,0.477273,0.227273,0
without_failing_controls,gompertz_plus_linear,6.5,88,0.0173273,0.227415,0.25219,0.0795455,0.477273,0.522727
without_failing_controls,gompertz_plus_linear,9.5,88,0.0173273,-0.0377653,0.204304,0.215909,0.238636,0.522727
without_failing_controls,gompertz_plus_linear,12.5,88,0.0173273,-0.0435804,0.0930181,0.579545,0.284091,0.522727
without_failing_controls,logistic,6.5,88,0.0394741,-0.425427,0.425427,0.0795455,0.284091,0.0909091
without_failing_controls,logistic,9.5,88,0.0394741,-0.225502,0.225502,0.238636,0.170455,0.0909091
without_failing_controls,logistic,12.5,88,0.0394741,-0.151655,0.151655,0.386364,0.170455,0.0909091
without_failing_controls,modified_gompertz,6.5,88,0.0330073,-0.227508,0.28049,0.125,0.363636,0.272727
without_failing_controls,modified_gompertz,9.5,88,0.0330073,-0.166486,0.172856,0.306818,0.238636,0.272727
without_failing_controls,modified_gompertz,12.5,88,0.0330073,-0.134592,0.134592,0.454545,0.329545,0.272727
without_failing_controls,two_pool_first_order,6.5,88,0.0262578,0.0206736,0.199173,0.261364,0.806818,0.113636
without_failing_controls,two_pool_first_order,9.5,88,0.0262578,-0.0799873,0.141747,0.397727,0.954545,0.113636
without_failing_controls,two_pool_first_order,12.5,88,0.0262578,-0.0784678,0.102175,0.488636,0.875,0.113636
